form	lemma	POS	morph
༄༅། །		PUNCT
མཆོད་རྟེན་	མཆོད་རྟེན་	NOUN
བྱ་	བྱ་	VERB
རུང་	རུང་	SCONJ
ཁ་ཤོ་	ཁ་ཤོ་	NO_POS
ར་	ལ་	PART
གྱི་	གི་	PART
གཟུངས་	གཟུངས་	NOUN
བཞུགས་	བཞུགས་	VERB
ཕུལ་བ་	ཕུལ་བ་	VERB
འི་	གི་	PART
དཀར་ཆག་	དཀར་ཆག་	NOUN
ཡིད་ཆེས་	ཡིད་ཆེས་	NOUN
ཀྱི་	གི་	PART
ངེས་པ་	ངེས་པ་	VERB
སྟེར་	སྟེར་	VERB
བྱེད་	བྱེད་	VERB
ཅེས་བྱ་བ་	ཅེས་བྱ་བ་	NO_POS
བཞུགས་	བཞུགས་	VERB
སོ་	གོ་	PART
"།
།"		PUNCT
རྫོགས་	རྫོགས་	VERB
སངས་རྒྱས་	སངས་རྒྱས་	NOUN
ཀྱིས་	གིས་	PART
འགྲོ་	འགྲོ་	VERB
ལ་	ལ་	PART
རྗེས་	རྗེས་	NOUN
བརྩེ་བ་	བརྩེ་བ་	VERB
འི་	གི་	PART
། །		PUNCT
རྨད་བྱུང་	རྨད་བྱུང་	NOUN
ཐུགས་རྗེ་	ཐུགས་རྗེ་	NOUN
ཉིན་	ཉིན་	NOUN
མོ་	མོ་	PRON
འི་	གི་	PART
ནོར་བུ་	ནོར་བུ་	NOUN
ཡི་	གིས་	PART
། །		PUNCT
བསྟན་འགྲོ་	བསྟན་འགྲོ་	OTHER
འི་	གི་	PART
ཕན་བདེ་	ཕན་བདེ་	OTHER
འི་	གི་	PART
ཉེ་	ཉེ་	NUM
འཚོ་	འཚོ་	VERB
ར་	ལ་	PART
གསལ་	གསལ་	VERB
གྱུར་པ་	གྱུར་པ་	VERB
འི་	གི་	PART
"།
།"		PUNCT
ངོ་མཚར་	ངོ་མཚར་	ADJ
ཐུགས་	ཐུགས་	NOUN
རྟེན་	རྟེན་	NOUN
བཞེངས་	བཞེངས་	NO_POS
ཚུལ་	ཚུལ་	NOUN
གཏམ་	གཏམ་	NOUN
འདི་	འདི་	DET
གླེང་	གླེང་	NO_POS
། །		PUNCT
སྔོན་	སྔོན་	ADV
གྱི་	གི་	PART
ཚེ་	ཚེ་	NOUN
དཔལ་	དཔལ་	OTHER
ཆེན་པོ་	ཆེན་པོ་	ADJ
ཧེ་རུ་ཀ་	ཧེ་རུ་ཀ་	NOUN
ས་	གིས་	PART
དྲག་པོ་	དྲག་པོ་	ADJ
བཏུལ་བ་	བཏུལ་བ་	VERB
འི་	གི་	PART
དུས་	དུས་	NOUN
སུ་	ལ་	PART
འཛམ་གླིང་	འཛམ་གླིང་	NOUN
ཡུལ་གྲུ་	ཡུལ་གྲུ་	OTHER
བརྒྱད་	བརྒྱད་	NUM
ཀྱི་	གི་	PART
དུར་ཁྲོད་	དུར་ཁྲོད་	NOUN
ཆེན་པོ་	ཆེན་པོ་	ADJ
བརྒྱད་	བརྒྱད་	NUM
དུ་མ་	དུ་མ་	ADJ
མོ་	གོ་	PART
བརྒྱད་	བརྒྱད་	NUM
ཀྱི་	གི་	PART
རྟེན་གནས་	རྟེན་གནས་	NO_POS
དངོས་གྲུབ་	དངོས་གྲུབ་	NOUN
འབྱུང་བ་	འབྱུང་བ་	VERB
འི་	གི་	PART
མཆོད་རྟེན་	མཆོད་རྟེན་	NOUN
ཆེན་པོ་	ཆེན་པོ་	ADJ
བརྒྱད་	བརྒྱད་	NUM
བཞེངས་པ་	བཞེངས་པ་	VERB
དང་	དང་	NO_POS
།		PUNCT
རྒྱ་གར་	རྒྱ་གར་	PROPN
འཕགས་པ་	འཕགས་པ་	VERB
འི་	གི་	PART
ཡུལ་	ཡུལ་	NOUN
གྱི་	གི་	PART
གནས་ཆེན་	གནས་ཆེན་	NOUN
བརྒྱད་	བརྒྱད་	NUM
དུ་	ལ་	PART
རྫོགས་པ་	རྫོགས་པ་	VERB
འི་	གི་	PART
སངས་རྒྱས་	སངས་རྒྱས་	NOUN
ཤཱཀྱ་	ཤཱཀྱ་	PROPN
ཐུབ་པ་	ཐུབ་པ་	VERB
འི་	གི་	PART
མཛད་པ་	མཛད་པ་	VERB
བརྒྱད་	བརྒྱད་	NUM
དང་	དང་	NO_POS
སྒོ་	སྒོ་	NOUN
བསྟུན་པ་	བསྟུན་པ་	VERB
འི་	གི་	PART
མཆོད་རྟེན་	མཆོད་རྟེན་	NOUN
བརྒྱད་	བརྒྱད་	NUM
དང་	དང་	NO_POS
།		PUNCT
ཨཽ་		NON_WORD
ཌི་		NON_WORD
ཡཱ་	ཡཱ་	NO_POS
ན་	ལ་	PART
བཟོ་	བཟོ་	NO_POS
རྒྱལ་	རྒྱལ་	VERB
བི་	བི་	NO_POS
ཤྭ་	ཤྭ་	NO_POS
ཀརྨ་	ཀརྨ་	NO_POS
ས་	གིས་	PART
དཔལ་	དཔལ་	OTHER
རེག་པ་	རེག་པ་	VERB
མེད་པ་	མེད་པ་	VERB
མཁའ་འགྲོ་	མཁའ་འགྲོ་	NOUN
འི་	གི་	PART
མཆོད་རྟེན་	མཆོད་རྟེན་	NOUN
བཞེངས་པ་	བཞེངས་པ་	VERB
དང་	དང་	NO_POS
།		PUNCT
ཆོས་རྒྱལ་	ཆོས་རྒྱལ་	NOUN
ཨ་	ཨ་	X
ཤྭ་	ཤྭ་	NO_POS
ཀ་	ཀ་	DET
ས་	གིས་	PART
མཆོད་རྟེན་	མཆོད་རྟེན་	NOUN
བྱེ་བ་	བྱེ་བ་	NOUN
བཞེངས་པ་	བཞེངས་པ་	VERB
སོགས་	སོགས་	DET
འཇིག་རྟེན་	འཇིག་རྟེན་	NOUN
གྱི་	གི་	PART
ཁམས་	ཁམས་	NOUN
འདི་	འདི་	DET
ར་	ལ་	PART
བསམ་	བསམ་	NOUN
གྱིས་	གིས་	PART
མི་	མི་	PART
ཁྱབ་པ་	ཁྱབ་པ་	VERB
བཞུགས་	བཞུགས་	VERB
སོ་	གོ་	PART
"།
།"		PUNCT
མཆོད་པ་	མཆོད་པ་	VERB
འི་	གི་	PART
རྟེན་	རྟེན་	NOUN
དེ་ལྟ་	དེ་ལྟ་	NO_POS
བུ་	བུ་	NOUN
བཞེངས་པ་	བཞེངས་པ་	VERB
ར་	ལ་	PART
བྱེད་པ་	བྱེད་པ་	VERB
ལ་	ལ་	PART
།		PUNCT
རིང་བསྲེལ་	རིང་བསྲེལ་	NOUN
གྱི་	གི་	PART
སྙིང་པོ་	སྙིང་པོ་	NOUN
ཅན་	ཅན་	PART
དུ་	ལ་	PART
བྱ་	བྱ་	VERB
དགོས་པ་	དགོས་པ་	VERB
འི་	གི་	PART
ཚུལ་	ཚུལ་	NOUN
།		PUNCT
མདོ་	མདོ་	NOUN
དང་	དང་	NO_POS
རྒྱུད་སྡེ་	རྒྱུད་སྡེ་	NOUN
རྣམས་	རྣམས་	DET
ལ་	ལ་	ADP
ས་	གིས་	PART
བསྟན་པ་	བསྟན་པ་	VERB
མདོ་	མདོ་	NOUN
ཙམ་	ཙམ་	DET
སྨོས་	སྨོས་	VERB
ན་	ལ་	PART
།		PUNCT
གསང་བ་	གསང་བ་	VERB
འདུས་པ་	འདུས་པ་	VERB
ལ་	ལ་	ADP
ས་	གིས་	PART
།		PUNCT
མཆོད་རྟེན་	མཆོད་རྟེན་	NOUN
སངས་རྒྱས་	སངས་རྒྱས་	NOUN
ཐམས་ཅད་	ཐམས་ཅད་	DET
ཀྱི་	གི་	PART
"།
།"		PUNCT
བཞུགས་	བཞུགས་	VERB
གནས་	གནས་	NOUN
ཕོ་བྲང་	ཕོ་བྲང་	NOUN
ཡིན་པ་	ཡིན་པ་	AUX
ར་	ལ་	PART
བཤད་	བཤད་	VERB
། །		PUNCT
ཅེས་	ཅེས་	PART
དང་	དང་	NO_POS
།		PUNCT
སྔགས་རྒྱུད་	སྔགས་རྒྱུད་	NOUN
ལ་	ལ་	ADP
ས་	གིས་	PART
།		PUNCT
རིང་བསྲེལ་	རིང་བསྲེལ་	NOUN
ཅན་	ཅན་	PART
གྱི་	གི་	PART
མཆོད་རྟེན་	མཆོད་རྟེན་	NOUN
དྲུང་	དྲུང་	NOUN
"།
།"		PUNCT
བདེ་བ་	བདེ་བ་	VERB
ར་	ལ་	PART
གཤེགས་པ་	གཤེགས་པ་	VERB
ས་	གིས་	PART
བསྔགས་པ་	བསྔགས་པ་	VERB
ས་	གིས་	PART
འགྲུབ་	འགྲུབ་	VERB
། །		PUNCT
ཞེ་	ཅེས་	PART
དང་	དང་	NO_POS
།		PUNCT
འོད་ཟེར་	འོད་ཟེར་	NOUN
དྲི་མེད་	དྲི་མེད་	ADJ
ཀྱི་	གི་	PART
མདོ་	མདོ་	NOUN
ལ་	ལ་	ADP
ས་	གིས་	PART
།		PUNCT
སྔོན་	སྔོན་	ADV
སེར་སྐྱ་	སེར་སྐྱ་	PROPN
འི་	གི་	PART
གྲོང་ཁྱེར་	གྲོང་ཁྱེར་	NOUN
ན་	ལ་	PART
གནས་པ་	གནས་པ་	VERB
འི་	གི་	PART
བྲམ་ཟེ་	བྲམ་ཟེ་	NOUN
ཆེན་པོ་	ཆེན་པོ་	ADJ
སེར་སྐྱ་	སེར་སྐྱ་	PROPN
འི་	གི་	PART
ཟླ་བ་	ཟླ་བ་	NOUN
ལ་	ལ་	PART
བཅོམ་ལྡན་འདས་	བཅོམ་ལྡན་འདས་	NOUN
ཀྱི་	གི་	PART
བཀའ་	བཀའ་	NOUN
བསྩལ་པ་	བསྩལ་པ་	NO_POS
།		PUNCT
བྲམ་ཟེ་	བྲམ་ཟེ་	NOUN
ཆེན་པོ་	ཆེན་པོ་	ADJ
ཁྱོད་	ཁྱོད་	PRON
སོང་	སོང་	VERB
ལ་	ལ་	PART
གྲོང་ཁྱེར་	གྲོང་ཁྱེར་	NOUN
སེར་སྐྱ་	སེར་སྐྱ་	PROPN
འི་	གི་	PART
ལམ་	གམ་	PART
གྱི་	གི་	PART
སུམ་མདོ་	སུམ་མདོ་	NO_POS
ན་	ནས་	PART
མཆོད་རྟེན་	མཆོད་རྟེན་	NOUN
རིང་བསྲེལ་	རིང་བསྲེལ་	NOUN
ཅན་	ཅན་	PART
རྙིང་པ་	རྙིང་པ་	VERB
རལ་བ་	རལ་བ་	NOUN
ཞིག་	ཅིག་	PART
ཡོད་པ་	ཡོད་པ་	VERB
དེ་	སྟེ་	PART
སླ་	སླ་	ADV
བརྩིགས་	བརྩིགས་	NO_POS
ཏེ་	སྟེ་	PART
།		PUNCT
གསང་སྔགས་	གསང་སྔགས་	NOUN
ཡི་གེ་	ཡི་གེ་	NOUN
ར་	ལ་	PART
བྲིས་པ་	བྲིས་པ་	VERB
དེ་	དེ་	DET
འི་	གི་	PART
ནང་	ནང་	NOUN
དུ་	ལ་	PART
བཅུག་	བཅུག་	VERB
སྟེ་	སྟེ་	PART
མཆོད་པ་	མཆོད་པ་	VERB
བྱ་	བྱ་	VERB
ན་	ནས་	PART
གསང་སྔགས་	གསང་སྔགས་	NOUN
ལན་	ལན་	NOUN
བདུན་	བདུན་	NUM
བཏོན་	བཏོན་	NO_POS
ན་	ལ་	PART
ཁྱོད་	ཁྱོད་	PRON
ཀྱི་	གི་	PART
ཚེ་	ཚེ་	NOUN
ཡང་ཕྱི་	ཡང་ཕྱི་	NO_POS
ར་	ལ་	PART
ནུར་	ནུར་	NO_POS
ཏེ་	སྟེ་	PART
འཕེལ་བ་	འཕེལ་བ་	VERB
ར་	ལ་	PART
འགྱུར་	འགྱུར་	VERB
ལ་	ལ་	PART
།		PUNCT
འཆི་བ་	འཆི་བ་	VERB
འི་	གི་	PART
དུས་བྱ་	དུས་བྱ་	NO_POS
ས་	གིས་	PART
ན་	ནས་	PART
ཀྱང་	ཀྱང་	PART
བདེ་འགྲོ་	བདེ་འགྲོ་	NOUN
མཐོ་རིས་	མཐོ་རིས་	NOUN
ཀྱི་	གི་	PART
གནས་	གནས་	NOUN
སུ་	ལ་	PART
ལོངས་སྤྱོད་	ལོངས་སྤྱོད་	NOUN
ཆེ་བ་	ཆེ་བ་	VERB
རྣམས་	རྣམས་	DET
སུ་	ལ་	PART
སྐྱེ་བ་	སྐྱེ་བ་	VERB
ར་	ལ་	PART
འགྱུར་	འགྱུར་	VERB
རོ་	རོ་	NOUN
"།
 །"		PUNCT
རིང་བསྲེལ་	རིང་བསྲེལ་	NOUN
སྙིང་པོ་	སྙིང་པོ་	NOUN
ར་	ལ་	PART
འགྱུར་	འགྱུར་	VERB
རོ་	རོ་	NOUN
"།
།"		PUNCT
ཅེས་	ཅེས་	PART
དང་	དང་	NO_POS
།		PUNCT
འཕགས་པ་	འཕགས་པ་	VERB
རྨད་	རྨད་	VERB
དུ་	ལ་	PART
བྱུང་བ་	བྱུང་བ་	VERB
འི་	གི་	PART
མདོ་	མདོ་	NOUN
ར་	ལ་	PART
།		PUNCT
ཀུན་དགའ་བོ་	ཀུན་དགའ་བོ་	PROPN
སྟོང་གསུམ་	སྟོང་གསུམ་	OTHER
གྱི་	གི་	PART
སྟོང་	སྟོང་	NUM
ཆེན་པོ་	ཆེན་པོ་	ADJ
འཇིག་རྟེན་	འཇིག་རྟེན་	NOUN
གྱི་	གི་	PART
ཁམས་	ཁམས་	NOUN
ཡོད་	ཡོད་	VERB
དེ་	སྟེ་	PART
།		PUNCT
དེ་	སྟེ་	PART
རིགས་	རིགས་	NOUN
ཀྱི་	གི་	PART
བུ་	བུ་	NOUN
འམ་	གམ་	PART
།		PUNCT
རིགས་	རིགས་	NOUN
ཀྱི་	གི་	PART
བུ་མོ་	བུ་མོ་	NOUN
དད་པ་	དད་པ་	VERB
ཅན་	ཅན་	PART
གང་ལ་ལ་	གང་ལ་ལ་	NO_POS
ཞིག་	ཅིག་	PART
གིས་	གིས་	PART
རིན་པོ་ཆེ་	རིན་པོ་ཆེ་	ADJ
སྣ་	སྣ་	NOUN
བདུན་	བདུན་	NUM
གྱི་	གི་	PART
རང་བཞིན་	རང་བཞིན་	NOUN
དུ་	ལ་	PART
བྱ་	བྱ་	VERB
ཏེ་	སྟེ་	PART
།		PUNCT
རྒྱུན་	རྒྱུན་	NOUN
དུ་	ལ་	PART
ཞུགས་པ་	ཞུགས་པ་	VERB
རྣམས་	རྣམས་	DET
དང་	དང་	NO_POS
།		PUNCT
ལན་	ལན་	NOUN
གཅིག་	གཅིག་	NUM
ཕྱི་	ཕྱི་	OTHER
འོང་བ་	འོང་བ་	VERB
རྣམས་	རྣམས་	DET
དང་	དང་	NO_POS
།		PUNCT
ཕྱོགས་	ཕྱོགས་	NOUN
བཞི་	བཞི་	NUM
འི་	གི་	PART
དགེ་སློང་	དགེ་སློང་	NOUN
གི་	གི་	PART
དགེ་འདུན་	དགེ་འདུན་	NOUN
ལ་	ལ་	PART
ཕུལ་བ་	ཕུལ་བ་	VERB
བ་	བ་	ADP
།		PUNCT
གང་	གང་	NO_POS
གིས་	གིས་	PART
དེ་བཞིན་	དེ་བཞིན་	OTHER
གཤེགས་པ་	གཤེགས་པ་	VERB
དགྲ་བཅོམ་པ་	དགྲ་བཅོམ་པ་	NOUN
ཡང་དག་པ་	ཡང་དག་པ་	ADJ
ར་	ལ་	PART
རྫོགས་པ་	རྫོགས་པ་	VERB
འི་	གི་	PART
སངས་རྒྱས་	སངས་རྒྱས་	NOUN
ཡོངས་སུ་	ཡོངས་སུ་	NO_POS
མྱ་ངན་	མྱ་ངན་	NOUN
ལ་	ལ་	ADP
ས་	གིས་	PART
འདས་པ་	འདས་པ་	VERB
འི་	གི་	PART
མཆོད་རྟེན་	མཆོད་རྟེན་	NOUN
སྐྱུ་རུ་ར་	སྐྱུ་རུ་ར་	NOUN
འི་	གི་	PART
འབྲུ་	འབྲུ་	NOUN
ཙམ་	ཙམ་	DET
དུ་	ལ་	PART
བྱ་	བྱ་	VERB
ལ་	ལ་	PART
།		PUNCT
ཁམས་	ཁམས་	NOUN
ཙམ་	ཙམ་	DET
གྱི་	གི་	PART
སྲོག་ཤིང་	སྲོག་ཤིང་	NOUN
བཙུགས་	བཙུགས་	NO_POS
ཏེ་	སྟེ་	PART
།		PUNCT
རྒྱ་ཤུག་	རྒྱ་ཤུག་	NO_POS
གི་	གི་	PART
ལོ་མ་	ལོ་མ་	NOUN
ཙམ་	ཙམ་	DET
གྱི་	གི་	PART
གདུགས་	གདུགས་	NOUN
གསོལ་	གསོལ་	VERB
ན་	ནས་	PART
།		PUNCT
ན་	ནས་	PART
ཀྱི་	གི་	PART
འབྲུ་	འབྲུ་	NOUN
ཙམ་	ཙམ་	DET
གྱི་	གི་	PART
སྐུ་གཟུགས་	སྐུ་གཟུགས་	NOUN
བྱ་	བྱ་	VERB
ལ་	ལ་	PART
།		PUNCT
ཡུང་	ཡུང་	NO_POS
འབྲུ་	འབྲུ་	NOUN
ཙམ་	ཙམ་	DET
གྱི་	གི་	PART
རིང་བསྲེལ་	རིང་བསྲེལ་	NOUN
བཅུག་	བཅུག་	VERB
ན་	ལ་	PART
བསོད་ནམས་	བསོད་ནམས་	NOUN
ཆེ་	ཆེ་	VERB
འོ་	གོ་	PART
། །		PUNCT
ཞེ་	ཅེས་	PART
སོགས་	སོགས་	DET
རྒྱ་	རྒྱ་	NOUN
ཆེ་	ཆེ་	VERB
ར་	ལ་	PART
གསུངས་པ་	གསུངས་པ་	VERB
ལྟ་	ལྟ་	OTHER
།		PUNCT
མི་ལ་	མི་ལ་	PROPN
རྣམ་ཤེས་	རྣམ་ཤེས་	NOUN
ཞུགས་པ་	ཞུགས་པ་	VERB
བཞིན་	བཞིན་	NOUN
།		PUNCT
བེམ་པོ་	བེམ་པོ་	NOUN
ར་	ལ་	PART
གྱུར་པ་	གྱུར་པ་	VERB
འི་	གི་	PART
སྐུ་གཟུགས་	སྐུ་གཟུགས་	NOUN
དང་	དང་	NO_POS
མཆོད་རྟེན་	མཆོད་རྟེན་	NOUN
ལ་	ལ་	PART
།		PUNCT
རིང་བསྲེལ་	རིང་བསྲེལ་	NOUN
རྣམ་	རྣམ་	NOUN
ལྔ་	ལྔ་	NUM
དང་	དང་	NO_POS
།		PUNCT
དཀྱིལ་འཁོར་	དཀྱིལ་འཁོར་	NOUN
བཞུགས་	བཞུགས་	VERB
སུ་	ལ་	PART
གསོལ་བ་	གསོལ་བ་	VERB
།		PUNCT
སྲོག་ཤིང་	སྲོག་ཤིང་	NOUN
འཛུགས་པ་	འཛུགས་པ་	VERB
།		PUNCT
རྡོ་རྗེ་	རྡོ་རྗེ་	NOUN
སློབ་དཔོན་	སློབ་དཔོན་	NOUN
དེ་ཉིད་	དེ་ཉིད་	NOUN
བཅུ་	བཅུ་	NUM
ལྡན་	ལྡན་	VERB
གྱིས་	གིས་	PART
ཡེ་ཤེས་	ཡེ་ཤེས་	NOUN
དབབ་པ་	དབབ་པ་	VERB
རྣམས་	རྣམས་	DET
ལ་	ལ་	PART
རག་	རག་	VERB
ལས་པ་	ལས་པ་	VERB
ར་	ལ་	PART
ལུང་རིགས་	ལུང་རིགས་	NOUN
གཉིས་ཀ་	གཉིས་ཀ་	OTHER
ས་	གིས་	PART
གྲུབ་	གྲུབ་	VERB
ཀྱང་	ཀྱང་	PART
།		PUNCT
ལག་ལེན་	ལག་ལེན་	NOUN
མན་ངག་	མན་ངག་	NOUN
གི་	གི་	PART
རིགས་	རིགས་	NOUN
ཐམས་ཅད་	ཐམས་ཅད་	DET
རྒྱུད་སྡེ་	རྒྱུད་སྡེ་	NOUN
རྣམས་	རྣམས་	DET
ལ་	ལ་	ADP
ས་	གིས་	PART
གབ་	གབ་	NO_POS
དཀྲུགས་		NON_WORD
ཐོར་བུ་	ཐོར་བུ་	OTHER
འི་	གི་	PART
ཚུལ་	ཚུལ་	NOUN
གྱིས་	གིས་	PART
བཞུགས་པ་	བཞུགས་པ་	VERB
ས་	གིས་	PART
དཔལ་མགོན་	དཔལ་མགོན་	OTHER
འཕགས་པ་	འཕགས་པ་	VERB
ཀླུ་སྒྲུབ་	ཀླུ་སྒྲུབ་	PROPN
དང་	དང་	NO_POS
།		PUNCT
པཎ་ཆེན་	པཎ་ཆེན་	NOUN
བཱི་		NON_WORD
མ་	མ་	PART
མི་	མི་	PART
ཏྲ་		NON_WORD
།		PUNCT
མཁན་ཆེན་	མཁན་ཆེན་	OTHER
བྷོ་		NON_WORD
དྷི་		NON_WORD
ས་	ས་	ADP
ཏྭ་		NON_WORD
།		PUNCT
སློབ་དཔོན་	སློབ་དཔོན་	NOUN
ཛེ་		NON_WORD
ཏཱ་	ཏཱ་	NO_POS
རི་	རི་	NOUN
སོགས་	སོགས་	DET
ཆོ་	ཆོ་	NOUN
ཀྱི་	གི་	PART
སྤྱན་	སྤྱན་	NOUN
དང་	དང་	NO_POS
ལྡན་པ་	ལྡན་པ་	VERB
རྣམས་	རྣམས་	DET
ཀྱིས་	གིས་	PART
བཀྲལ་བ་	བཀྲལ་བ་	VERB
ར་	ལ་	PART
མཛད་	མཛད་	VERB
ན་	ནས་	PART
རིམ་པ་	རིམ་པ་	NOUN
ར་	ལ་	PART
བརྒྱུད་པ་	བརྒྱུད་པ་	VERB
འི་	གི་	PART
དཔལ་མགོན་	དཔལ་མགོན་	OTHER
བླ་མ་	བླ་མ་	NOUN
དམ་པ་	དམ་པ་	VERB
རྣམས་	རྣམས་	DET
ཀྱི་	གི་	PART
བ་	བ་	NOUN
དུ་	ལ་	PART
གསེར་	གསེར་	NOUN
རི་	རི་	NOUN
འི་	གི་	PART
ཕྲེང་བ་	ཕྲེང་བ་	NOUN
ལྟ་	ལྟ་	OTHER
བྱོན་	བྱོན་	VERB
ཏེ་	སྟེ་	PART
།		PUNCT
རྒྱུད་སྡེ་	རྒྱུད་སྡེ་	NOUN
འི་	གི་	PART
བཀའ་	བཀའ་	NOUN
སྲོལ་	སྲོལ་	NOUN
ཚད་མ་	ཚད་མ་	NOUN
འི་	གི་	PART
མཐོང་	མཐོང་	VERB
བརྒྱུད་	བརྒྱུད་	NO_POS
ཀྱི་	གི་	PART
ཕྱག་ལེན་	ཕྱག་ལེན་	NOUN
ཟམ་	ཟམ་	NO_POS
མ་	མ་	PART
ཆད་པ་	ཆད་པ་	VERB
ར་	ལ་	PART
བཞུགས་པ་	བཞུགས་པ་	VERB
དེ་དག་	དེ་དག་	OTHER
ཁོ་བོ་	ཁོ་བོ་	PRON
ཅག་	ཅག་	NO_POS
ལ་	ལ་	ADP
འང་	ཀྱང་	PART
བཀའ་དྲིན་	བཀའ་དྲིན་	NOUN
ཐོབ་པ་	ཐོབ་པ་	VERB
ལ་	ལ་	PART
བརྟེན་	བརྟེན་	VERB
ན་	ནས་	PART
དྲི་མེད་	དྲི་མེད་	ADJ
རྣམ་	རྣམ་	NOUN
གཉིས་	གཉིས་	NUM
ཀྱི་	གི་	PART
བསྙེན་	བསྙེན་	VERB
ཚད་	ཚད་	NOUN
ཚུལ་བཞིན་	ཚུལ་བཞིན་	NOUN
བགྱི་	བགྱི་	VERB
ཏེ་	སྟེ་	PART
།		PUNCT
ཡངས་པ་	ཡངས་པ་	ADJ
འི་	གི་	PART
འཇིག་རྟེན་	འཇིག་རྟེན་	NOUN
གྱི་	གི་	PART
ཁམས་	ཁམས་	NOUN
འདི་	འདི་	DET
ར་	ལ་	PART
དྲི་མེད་	དྲི་མེད་	ADJ
རྣམ་	རྣམ་	NOUN
གཉིས་	གཉིས་	NUM
དཀྱིལ་འཁོར་	དཀྱིལ་འཁོར་	NOUN
བཞུགས་པ་	བཞུགས་པ་	VERB
འི་	གི་	PART
མཆོད་རྟེན་	མཆོད་རྟེན་	NOUN
གས་	གསའ་	NO_POS
ར་	ལ་	PART
བཞེང་	བཞེང་	NO_POS
བརྒྱ་	བརྒྱ་	NUM
ཕྲག་	ཕྲག་	NUM
བརྒལ་བ་	བརྒལ་བ་	VERB
གྲུབ་པ་	གྲུབ་པ་	VERB
ར་	ལ་	PART
བྱ་	བྱ་	VERB
སོ་	གོ་	PART
"།
།"		PUNCT
མཆོད་རྟེན་	མཆོད་རྟེན་	NOUN
རྙིང་པ་	རྙིང་པ་	VERB
ཉམས་གསོ་	ཉམས་གསོ་	OTHER
ས་	གིས་	PART
ནི་	ནི་	NO_POS
།		PUNCT
བལ་ཡུལ་	བལ་ཡུལ་	PROPN
ལྷུན་གྲུབ་	ལྷུན་གྲུབ་	OTHER
བརྩེགས་པ་	བརྩེགས་པ་	VERB
འི་	གི་	PART
གནས་ཆེན་	གནས་ཆེན་	NOUN
ན་	ལ་	PART
།		PUNCT
མཆོག་	མཆོག་	ADJ
ཐུན་	ཐུན་	NOUN
དངོས་གྲུབ་	དངོས་གྲུབ་	NOUN
འབྱུང་བ་	འབྱུང་བ་	VERB
འི་	གི་	PART
མཆོད་རྟེན་	མཆོད་རྟེན་	NOUN
བྱ་	བྱ་	VERB
རུང་	རུང་	SCONJ
ཁ་ཤོ་	ཁ་ཤོ་	NO_POS
ར་	ལ་	PART
གྲགས་པ་	གྲགས་པ་	VERB
དེ་ཉིད་	དེ་ཉིད་	NOUN
།		PUNCT
སྤྱི་ལོ་	སྤྱི་ལོ་	NOUN
		
ཟླ་བ་	ཟླ་བ་	NOUN
		
ཚེ་	ཚེ་	NOUN
		
ཆུ་ཚོད་	ཆུ་ཚོད་	NOUN
		
ཙམ་	ཙམ་	DET
ལ་	ལ་	PART
ས་ཡོམ་	ས་ཡོམ་	OTHER
ཤུགས་	ཤུགས་	NOUN
ཚད་	ཚད་	NOUN
		
བསླེབས་		NON_WORD
ན་	ནས་	PART
།		PUNCT
མཆོད་རྟེན་	མཆོད་རྟེན་	NOUN
ཞིག་རལ་	ཞིག་རལ་	NO_POS
ཆེ་	ཆེ་	VERB
ཙམ་	ཙམ་	DET
བྱུང་བ་	བྱུང་བ་	VERB
དང་	དང་	NO_POS
།		PUNCT
ནང་	ནང་	NOUN
གི་	གི་	PART
སྙིང་པོ་	སྙིང་པོ་	NOUN
སྲོག་ཤིང་	སྲོག་ཤིང་	NOUN
དང་	དང་	NO_POS
།		PUNCT
གཟུངས་	གཟུངས་	NOUN
བསྒྲིལ་	བསྒྲིལ་	NO_POS
རྣམས་	རྣམས་	DET
རུལ་སྐྱོན་	རུལ་སྐྱོན་	NO_POS
ཆེན་པོ་	ཆེན་པོ་	ADJ
གྱུར་	གྱུར་	VERB
ཡོད་པ་	ཡོད་པ་	VERB
ས་	གིས་	PART
།		PUNCT
དེ་དག་	དེ་དག་	OTHER
ཉམས་པ་	ཉམས་པ་	VERB
སོར་ཆུད་	སོར་ཆུད་	NO_POS
དང་	དང་	NO_POS
།		PUNCT
མི་	མི་	PART
ཉམས་	ཉམས་	NOUN
གོང་འཕེལ་	གོང་འཕེལ་	OTHER
དུ་	ལ་	PART
འགྱུར་བ་	འགྱུར་བ་	VERB
འི་	གི་	PART
ཕྱིར་དུ་	ཕྱིར་དུ་	NO_POS
།		PUNCT
ཕྲན་	ཕྲན་	OTHER
སྤྲུལ་སྐུ་	སྤྲུལ་སྐུ་	NOUN
རིག་འཛིན་	རིག་འཛིན་	OTHER
པདྨ་	པདྨ་	NOUN
དང་	དང་	NO_POS
།		PUNCT
སེང་	སེང་	NOUN
གྲག་	གྲག་	VERB
སྤྲུལ་སྐུ་	སྤྲུལ་སྐུ་	NOUN
ངག་དབང་	ངག་དབང་	PROPN
བསྟན་	བསྟན་	VERB
རྒྱལ་	རྒྱལ་	VERB
ཟུང་	ཟུང་	VERB
ན་	ནས་	PART
གཟུངས་	གཟུངས་	NOUN
འབུལ་	འབུལ་	NO_POS
གྱི་	གི་	PART
ལག་ལེན་	ལག་ལེན་	NOUN
བསྟར་བ་	བསྟར་བ་	VERB
དངོ་	དངོ་	NOUN
ནི་	ནི་	NO_POS
།		PUNCT
རབ་གནས་	རབ་གནས་	NOUN
ཤིང་	ཅིང་	PART
ལུག་ལོ་	ལུག་ལོ་	NO_POS
འི་	གི་	PART
ཟླ་བ་	ཟླ་བ་	NOUN
		
པ་	པ་	OTHER
འི་	གི་	PART
ཚེ་	ཚེ་	NOUN
		
གཟའ་སྐར་	གཟའ་སྐར་	OTHER
འཕྲོད་སྦྱོར་	འཕྲོད་སྦྱོར་	OTHER
དགེ་	དགེ་	NOUN
ཞིང་	ཅིང་	PART
།		PUNCT
ཁྱད་པར་	ཁྱད་པར་	NOUN
དུ་	ལ་	PART
བཅོམ་ལྡན་འདས་	བཅོམ་ལྡན་འདས་	NOUN
ཐུབ་པ་	ཐུབ་པ་	VERB
འི་	གི་	PART
དབང་པོ་	དབང་པོ་	NOUN
ས་	གིས་	PART
སུམ་ཅུ་རྩ་གསུམ་	སུམ་ཅུ་རྩ་གསུམ་	PROPN
དུ་	ལ་	PART
དབྱར་གནས་	དབྱར་གནས་	NOUN
ཤིང་	ཅིང་	PART
ཡུམ་	ཡུམ་	NOUN
གྱི་	གི་	PART
དྲིན་ལན་	དྲིན་ལན་	NOUN
བསབས་	བསབས་	NO_POS
ན་	ནས་	PART
གྲོང་ཁྱེར་	གྲོང་ཁྱེར་	NOUN
གསལ་ལྡན་	གསལ་ལྡན་	ADJ
དུ་	ལ་	PART
ལྷ་	ལྷ་	NOUN
ལ་	ལ་	ADP
ས་	གིས་	PART
བབས་པ་	བབས་པ་	VERB
འི་	གི་	PART
དུས་ཆེན་	དུས་ཆེན་	OTHER
གྱི་	གི་	PART
སྔ་དྲོ་	སྔ་དྲོ་	ADV
འི་	གི་	PART
ཆ་	ཆ་	NOUN
ར་	ལ་	PART
སྲོག་ཤིང་	སྲོག་ཤིང་	NOUN
འཛུགས་པ་	འཛུགས་པ་	VERB
དང་	དང་	NO_POS
།		PUNCT
རིང་བསྲེལ་	རིང་བསྲེལ་	NOUN
རྣམ་པ་	རྣམ་པ་	NOUN
ལྔ་	ལྔ་	NUM
རིམ་བཞིན་	རིམ་བཞིན་	NO_POS
བཞུགས་	བཞུགས་	VERB
སུ་	ལ་	PART
གསོལ་བ་	གསོལ་བ་	VERB
ནི་	ནི་	NO_POS
།		PUNCT
སྲོག་ཤིང་	སྲོག་ཤིང་	NOUN
གི་	གི་	PART
རྒྱུ་ཆ་	རྒྱུ་ཆ་	OTHER
སྨན་ཤིང་	སྨན་ཤིང་	NO_POS
ཨ་གར་	ཨ་གར་	NO_POS
ལ་	ལ་	ADP
ས་	གིས་	PART
གྲུབ་པ་	གྲུབ་པ་	VERB
འི་	གི་	PART
རྩེ་མོ་	རྩེ་མོ་	NOUN
རྣམ་རྒྱལ་	རྣམ་རྒྱལ་	NOUN
མཆོད་རྟེན་	མཆོད་རྟེན་	NOUN
།		PUNCT
དེ་	དེ་	DET
འི་	གི་	PART
བུམ་པ་	བུམ་པ་	NOUN
འི་	གི་	PART
ནང་	ནང་	NOUN
དུ་	ལ་	PART
།		PUNCT
སྔ་	སྔ་	ADV
འགྱུར་ཕྱོགས་	འགྱུར་ཕྱོགས་	NO_POS
ཀྱི་	གི་	PART
རྟེན་	རྟེན་	NOUN
འདུ་	འདུ་	VERB
ཡིད་བཞིན་	ཡིད་བཞིན་	OTHER
ནོར་བུ་	ནོར་བུ་	NOUN
།		PUNCT
སངས་རྒྱས་	སངས་རྒྱས་	NOUN
འོད་	འོད་	NOUN
སྲུངས་	སྲུངས་	VERB
ཀྱི་	གི་	PART
རིང་བསྲེལ་	རིང་བསྲེལ་	NOUN
གཅིག་	གཅིག་	NUM
སངས་རྒྱས་	སངས་རྒྱས་	NOUN
ཤཱཀྱ་	ཤཱཀྱ་	PROPN
ཐུབ་པ་	ཐུབ་པ་	VERB
འི་	གི་	PART
གདུང་རུས་	གདུང་རུས་	OTHER
ཕྲན་བུ་	ཕྲན་བུ་	OTHER
།		PUNCT
སྲོག་ཤིང་	སྲོག་ཤིང་	NOUN
གི་	གི་	PART
རྩེ་མོ་	རྩེ་མོ་	NOUN
འི་	གི་	PART
ཕྱོགས་	ཕྱོགས་	NOUN
རྣམས་	རྣམས་	DET
སུ་	ལ་	PART
རྒྱལ་བ་	རྒྱལ་བ་	NOUN
རིགས་	རིགས་	NOUN
ལྔ་	ལྔ་	NUM
འི་	གི་	PART
ས་བོན་	ས་བོན་	NOUN
།		PUNCT
གནས་	གནས་	NOUN
ལྔ་	ལྔ་	NUM
སྐུ་གསུང་ཐུགས་	སྐུ་གསུང་ཐུགས་	NOUN
ཡོན་ཏན་	ཡོན་ཏན་	NOUN
ཕྲིན་ལས་	ཕྲིན་ལས་	NOUN
ལྔ་	ལྔ་	NUM
འི་	གི་	PART
ས་བོན་	ས་བོན་	NOUN
རྣམས་	རྣམས་	DET
ལཉྫའི་		NON_WORD
ཡི་གེ་	ཡི་གེ་	NOUN
ཟངས་	ཟངས་	NOUN
གསེར་	གསེར་	NOUN
གྱིས་	གིས་	PART
བསྐྲུན་པ་	བསྐྲུན་པ་	VERB
དང་	དང་	NO_POS
།		PUNCT
བར་མཚམས་	བར་མཚམས་	NOUN
རྣམས་	རྣམས་	DET
སུ་	ལ་	PART
ཡིད་	ཡིད་	NOUN
དམ་	གམ་	PART
ཞི་བ་	ཞི་བ་	VERB
དང་	དང་	NO_POS
ཁྲོ་བོ་	ཁྲོ་བོ་	NOUN
རྣམས་	རྣམས་	DET
ཀྱི་	གི་	PART
སྙིང་པོ་	སྙིང་པོ་	NOUN
ཉེ་སྙིང་	ཉེ་སྙིང་	NO_POS
།		PUNCT
གསང་སྔགས་	གསང་སྔགས་	NOUN
རིགས་	རིགས་	NOUN
སྔགས་	སྔགས་	NOUN
གཟུངས་སྔགས་	གཟུངས་སྔགས་	OTHER
ཁྱད་པར་ཅན་	ཁྱད་པར་ཅན་	ADJ
རྣམས་	རྣམས་	DET
རིན་ཆེན་	རིན་ཆེན་	OTHER
དང་པོ་	དང་པོ་	ADJ
ས་	གིས་	PART
བྲིས་	བྲིས་	VERB
།		PUNCT
སྲོག་	སྲོག་	NOUN
ཤིག་	ཅིག་	PART
གི་	གི་	PART
གནས་	གནས་	NOUN
གསུམ་	གསུམ་	NUM
དུ་	ལ་	PART
གཟི་བརྗིད་	གཟི་བརྗིད་	NOUN
བསྐྱེད་པ་	བསྐྱེད་པ་	VERB
སྐུ་	སྐུ་	NOUN
ཡི་	གི་	PART
རིལ་བུ་	རིལ་བུ་	OTHER
དམ་རྫས་	དམ་རྫས་	NOUN
ཉི་མ་	ཉི་མ་	NOUN
འི་	གི་	PART
སྙིང་པོ་	སྙིང་པོ་	NOUN
།		PUNCT
ཚངས་དབྱངས་	ཚངས་དབྱངས་	NOUN
བསྐྱེད་པ་	བསྐྱེད་པ་	VERB
གསུང་	གསུང་	VERB
གི་	གི་	PART
རིལ་བུ་	རིལ་བུ་	OTHER
དམ་རྫས་	དམ་རྫས་	NOUN
ཟླ་བ་	ཟླ་བ་	NOUN
འི་	གི་	PART
བདུད་རྩི་	བདུད་རྩི་	NOUN
།		PUNCT
བདེ་ཆེན་	བདེ་ཆེན་	NOUN
བསྐྱེད་པ་	བསྐྱེད་པ་	VERB
ཐུགས་	ཐུགས་	NOUN
ཀྱི་	གི་	PART
རིལ་བུ་	རིལ་བུ་	OTHER
དམ་རྫས་	དམ་རྫས་	NOUN
དགའ་	དགའ་	VERB
བཞི་	བཞི་	NUM
འི་	གི་	PART
ཐིག་ལེ་	ཐིག་ལེ་	NOUN
།		PUNCT
མཐོང་	མཐོང་	VERB
གྲོལ་	གྲོལ་	VERB
འཁོར་ལོ་	འཁོར་ལོ་	NOUN
།		PUNCT
སྲོག་ཤིང་	སྲོག་ཤིང་	NOUN
བརྟན་པ་	བརྟན་པ་	VERB
འི་	གི་	PART
འཁོར་ལོ་	འཁོར་ལོ་	NOUN
།		PUNCT
སྨིན་	སྨིན་	VERB
གླིང་	གླིང་	NOUN
གཟུངས་	གཟུངས་	NOUN
བཀའ་	བཀའ་	NOUN
བརྒྱ་	བརྒྱ་	NUM
མ་	མ་	PART
བཅའ་	བཅའ་	VERB
སྲོག་ཤིང་	སྲོག་ཤིང་	NOUN
གི་	གི་	PART
ངོ་	ངོ་	NOUN
སུ་	ལ་	PART
བཅིངས་	བཅིངས་	VERB
།		PUNCT
འགྱིག་	འགྱིག་	NO_POS
ཤོག་	ཤོག་	VERB
དང་	དང་	NO_POS
རིན་ཆེན་	རིན་ཆེན་	OTHER
ཟངས་	ཟངས་	NOUN
ཀྱིས་	གིས་	PART
གཡོགས་	གཡོགས་	VERB
ཏེ་	སྟེ་	PART
བརླན་	བརླན་	NO_POS
གཤེར་	གཤེར་	NO_POS
གྱིས་	གིས་	PART
མི་	མི་	PART
གནོད་པ་	གནོད་པ་	VERB
ར་	ལ་	PART
བྱ་	བྱ་	VERB
ཏེ་	སྟེ་	PART
བཞུགས་	བཞུགས་	VERB
སུ་	ལ་	PART
གསོལ་	གསོལ་	VERB
།		PUNCT
ཆོས་སྐུ་	ཆོས་སྐུ་	NOUN
འི་	གི་	PART
རིང་བསྲེལ་	རིང་བསྲེལ་	NOUN
ནི་	ནི་	NO_POS
།		PUNCT
སྔོན་བྱོན་	སྔོན་བྱོན་	NOUN
གྱི་	གི་	PART
སཱ་	སཱ་	NO_POS
ཙྪ་		NON_WORD
བྱིན་	བྱིན་	VERB
བརླབས་	བརླབས་	NO_POS
ལྡན་པ་	ལྡན་པ་	VERB
ཤིན་ཏུ་	ཤིན་ཏུ་	NO_POS
མང་པོ་	མང་པོ་	ADJ
བཞུགས་	བཞུགས་	VERB
། ༈		PUNCT
ཆོ་	ཆོ་	NOUN
ཀྱི་	གི་	PART
རིང་བསྲེལ་	རིང་བསྲེལ་	NOUN
།		PUNCT
གཟུངས་	གཟུངས་	NOUN
ཆེན་	ཆེན་	NO_POS
སྡེ་	སྡེ་	NOUN
ལྔ་	ལྔ་	NUM
།		PUNCT
ཆོས་སྐུ་	ཆོས་སྐུ་	NOUN
འོད་	འོད་	NOUN
དཔག་མེད་	དཔག་མེད་	ADJ
།		PUNCT
སངས་རྒྱས་	སངས་རྒྱས་	NOUN
ཤཱཀྱ་	ཤཱཀྱ་	PROPN
ཐུབ་པ་	ཐུབ་པ་	VERB
།		PUNCT
སངས་རྒྱས་	སངས་རྒྱས་	NOUN
ཚེ་	ཚེ་	NOUN
དཔག་མེད་	དཔག་མེད་	ADJ
།		PUNCT
གུ་རུ་	གུ་རུ་	PROPN
སམ་	གམ་	PART
བྷ་	བྷ་	NO_POS
།		PUNCT
གུ་རུ་	གུ་རུ་	PROPN
དྲག་པོ་	དྲག་པོ་	ADJ
།		PUNCT
གུ་རུ་	གུ་རུ་	PROPN
རྡོ་རྗེ་	རྡོ་རྗེ་	NOUN
གྲོ་	གྲོ་	NOUN
ལོད་	ལོད་	NO_POS
།		PUNCT
ཕུར་པ་	ཕུར་པ་	NOUN
རྡོ་རྗེ་	རྡོ་རྗེ་	NOUN
གཞོན་ནུ་	གཞོན་ནུ་	ADJ
།		PUNCT
རྡོ་རྗེ་	རྡོ་རྗེ་	NOUN
རྣམ་	རྣམ་	NOUN
འཇོམས་	འཇོམས་	NO_POS
།		PUNCT
ཕྱག་རྡོར་	ཕྱག་རྡོར་	PROPN
།		PUNCT
འཇམ་དབྱངས་	འཇམ་དབྱངས་	PROPN
རྣམས་	རྣམས་	DET
ཀྱི་	གི་	PART
མཚན་	མཚན་	NOUN
སྔགས་	སྔགས་	NOUN
ཀུན་མཁྱེན་	ཀུན་མཁྱེན་	OTHER
མི་	མི་	PART
ཕམ་	ཕམ་	NO_POS
རིན་པོ་ཆེ་	རིན་པོ་ཆེ་	ADJ
ས་	གིས་	PART
བསྒྲིགས་པ་	བསྒྲིགས་པ་	VERB
འི་	གི་	PART
གཟུངས་སྔགས་	གཟུངས་སྔགས་	OTHER
བརྒྱ་རྩ་	བརྒྱ་རྩ་	OTHER
དང་	དང་	NO_POS
།		PUNCT
དབྱངས་གསལ་	དབྱངས་གསལ་	OTHER
།		PUNCT
རྟེན་འབྲེལ་	རྟེན་འབྲེལ་	NOUN
སྙིང་པོ་	སྙིང་པོ་	NOUN
བཅའ་	བཅའ་	VERB
རིན་ཆེན་	རིན་ཆེན་	OTHER
ཟངས་	ཟངས་	NOUN
ཀྱི་	གི་	PART
ངོ་	ངོ་	NOUN
སུ་	ལ་	PART
འཕྲུལ་	འཕྲུལ་	VERB
སྤ་	སྤ་	NOUN
བརྒྱབ་པ་	བརྒྱབ་པ་	VERB
འི་	གི་	PART
ཟངས་	ཟངས་	NOUN
ལྡེབ་	ལྡེབ་	NO_POS
ཉི་	ཉི་	NUM
སྟོང་	སྟོང་	NUM
ལྷག་	ལྷག་	NOUN
ཙམ་	ཙམ་	DET
རིན་པོ་ཆེ་	རིན་པོ་ཆེ་	ADJ
ཟངས་	ཟངས་	NOUN
ཀྱི་	གི་	PART
ཟ་མ་ཏོག་	ཟ་མ་ཏོག་	NOUN
ཏུ་	ལ་	PART
གཏམས་པ་	གཏམས་པ་	NO_POS
བཞི་	བཞི་	NUM
བཅུ་	བཅུ་	NUM
ཞེ་	ཞེ་	PART
ལྔ་	ལྔ་	NUM
བཞུགས་	བཞུགས་	VERB
"།
༈"		PUNCT
སྐུ་གདུང་	སྐུ་གདུང་	NOUN
གི་	གི་	PART
རིང་བསྲེལ་	རིང་བསྲེལ་	NOUN
ནི་	ནི་	NO_POS
།		PUNCT
སྟོན་པ་	སྟོན་པ་	NOUN
རྫོགས་པ་	རྫོགས་པ་	VERB
འི་	གི་	PART
སངས་རྒྱས་	སངས་རྒྱས་	NOUN
ཤཱཀྱ་	ཤཱཀྱ་	PROPN
ཐུབ་པ་	ཐུབ་པ་	VERB
འི་	གི་	PART
གདུང་རུས་	གདུང་རུས་	OTHER
འཁྲུལ་	འཁྲུལ་	NO_POS
མེད་	མེད་	VERB
དང་	དང་	NO_POS
།		PUNCT
སངས་རྒྱས་	སངས་རྒྱས་	NOUN
ཤཱཀྱ་	ཤཱཀྱ་	PROPN
ཐུབ་པ་	ཐུབ་པ་	VERB
འི་	གི་	PART
གདུང་རུས་	གདུང་རུས་	OTHER
རིལ་བུ་	རིལ་བུ་	OTHER
བཅའ་	བཅའ་	VERB
བཞུགས་	བཞུགས་	VERB
"།
༈"		PUNCT
ཡུངས་འབྲུ་	ཡུངས་འབྲུ་	NO_POS
ལྟ་བུ་	ལྟ་བུ་	NOUN
འི་	གི་	PART
རིང་བསྲེལ་	རིང་བསྲེལ་	NOUN
ནི་	ནི་	NO_POS
།		PUNCT
རྫོགས་པ་	རྫོགས་པ་	VERB
འི་	གི་	PART
སངས་རྒྱས་	སངས་རྒྱས་	NOUN
ཤཱཀྱ་	ཤཱཀྱ་	PROPN
ཐུབ་པ་	ཐུབ་པ་	VERB
འི་	གི་	PART
འཕེལ་གདུང་	འཕེལ་གདུང་	NO_POS
།		PUNCT
འཇམ་དབྱངས་	འཇམ་དབྱངས་	PROPN
མཁྱེན་བརྩེ་	མཁྱེན་བརྩེ་	PROPN
འི་	གི་	PART
དབང་པོ་	དབང་པོ་	NOUN
ས་	གིས་	PART
བསྡུས་པ་	བསྡུས་པ་	VERB
འི་	གི་	PART
རིང་བསྲེལ་	རིང་བསྲེལ་	NOUN
རྣམ་	རྣམ་	NOUN
བཞི་	བཞི་	NUM
སྲིད་	སྲིད་	NOUN
ན་	ལ་	PART
རྙེད་	རྙེད་	VERB
དཀའ་	དཀའ་	VERB
གཅིག་	གཅིག་	NUM
སངས་རྒྱས་	སངས་རྒྱས་	NOUN
ཀྱི་	གི་	PART
རིང་བསྲེལ་	རིང་བསྲེལ་	NOUN
འཁྲུལ་	འཁྲུལ་	NO_POS
མེད་	མེད་	VERB
གསུམ་	གསུམ་	NUM
།		PUNCT
སྐུ་	སྐུ་	NOUN
མཆོག་བདེ་	མཆོག་བདེ་	NO_POS
ཆེན་	ཆེན་	NO_POS
ཕུག་	ཕུག་	NOUN
གི་	གི་	PART
གཏེར་	གཏེར་	NOUN
བྱོན་	བྱོན་	VERB
སངས་རྒྱས་	སངས་རྒྱས་	NOUN
དཔའ་བོ་	དཔའ་བོ་	NOUN
བདུན་	བདུན་	NUM
གྱི་	གི་	PART
རིང་བསྲེལ་	རིང་བསྲེལ་	NOUN
།		PUNCT
གཏེར་ཆེན་	གཏེར་ཆེན་	OTHER
པདྨ་	པདྨ་	NOUN
གླིང་པ་	གླིང་པ་	NOUN
འི་	གི་	PART
རིང་བསྲེལ་	རིང་བསྲེལ་	NOUN
གཅིག་	གཅིག་	NUM
བཅའ་	བཅའ་	VERB
བཞུགས་	བཞུགས་	VERB
། ༈		PUNCT
སྐུ་	སྐུ་	NOUN
བལ་	བལ་	PROPN
གྱི་	གི་	PART
རིང་བསྲེལ་	རིང་བསྲེལ་	NOUN
ནི་	ནི་	NO_POS
།		PUNCT
མཧཱ་	མཧཱ་	NO_POS
གུ་རུ་	གུ་རུ་	PROPN
པདྨ་	པདྨ་	NOUN
སཾ་		NON_WORD
བྷ་བ་	བྷ་བ་	NO_POS
འི་	གི་	PART
ན་བཟའ་	ན་བཟའ་	NOUN
འཁྲུལ་	འཁྲུལ་	NO_POS
མེད་	མེད་	VERB
ཀྱི་	གི་	PART
ཚལ་བུ་	ཚལ་བུ་	NO_POS
།		PUNCT
མཁན་ཆེན་	མཁན་ཆེན་	OTHER
བྷོ་		NON_WORD
དྷི་		NON_WORD
ས་	ས་	ADP
ཏྭའི་		NON_WORD
ན་བཟ་	ན་བཟའ་	NOUN
འི་	གི་	PART
ཚལ་བུ་	ཚལ་བུ་	NO_POS
བཅའ་	བཅའ་	VERB
བཞུགས་	བཞུགས་	VERB
"།
༈"		PUNCT
སྐུ་རྟེན་	སྐུ་རྟེན་	NO_POS
།		PUNCT
རྒྱ་གར་	རྒྱ་གར་	PROPN
ཤ་	ཤ་	VERB
ལི་	ལི་	OTHER
ཀུན་	ཀུན་	DET
ཏུ་	ལ་	PART
བཟང་པོ་	བཟང་པོ་	ADJ
གཅིག་	གཅིག་	NUM
རྒྱ་གར་	རྒྱ་གར་	PROPN
ནུབ་	ནུབ་	ADV
ལི་	ལི་	OTHER
རྡོ་རྗེ་	རྡོ་རྗེ་	NOUN
འཆང་	འཆང་	NO_POS
ཆེན་	ཆེན་	NO_POS
གཅིག་	གཅིག་	NUM
༸སྐྱབས་		NON_WORD
རྗེ་	རྗེ་	NO_POS
འཁྲུལ་	འཁྲུལ་	NO_POS
ཞིག་	ཅིག་	PART
རིན་པོ་ཆེ་	རིན་པོ་ཆེ་	ADJ
ཡི་	གི་	PART
ཐུགས་དམ་	ཐུགས་དམ་	NOUN
གྱི་	གི་	PART
རྟེན་	རྟེན་	NOUN
ཟི་ཁྱིམ་	ཟི་ཁྱིམ་	NO_POS
དམར་པོ་	དམར་པོ་	ADJ
ལ་	ལ་	ADP
ས་	གིས་	PART
གྲུབ་པ་	གྲུབ་པ་	VERB
འི་	གི་	PART
གུ་རུ་	གུ་རུ་	PROPN
མཚོ་སྐྱེས་	མཚོ་སྐྱེས་	OTHER
རྡོ་རྗེ་	རྡོ་རྗེ་	NOUN
གཅིག་	གཅིག་	NUM
ཟངས་	ཟངས་	NOUN
གསེར་	གསེར་	NOUN
གྱིས་	གིས་	PART
བཟོ་	བཟོ་	NO_POS
སྒྲོ་	སྒྲོ་	NOUN
ཤིན་ཏུ་	ཤིན་ཏུ་	NO_POS
ལེགས་པ་	ལེགས་པ་	VERB
འི་	གི་	PART
ཆོས་སྐུ་	ཆོས་སྐུ་	NOUN
ཀུན་	ཀུན་	DET
ཏུ་	ལ་	PART
བཟང་པོ་	བཟང་པོ་	ADJ
འི་	གི་	PART
སྐུ་འདྲ་	སྐུ་འདྲ་	NO_POS
བདུན་	བདུན་	NUM
།		PUNCT
རྒྱལ་བ་	རྒྱལ་བ་	NOUN
རིགས་	རིགས་	NOUN
ལྔ་	ལྔ་	NUM
འི་	གི་	PART
སྐུ་	སྐུ་	NOUN
བཅོ་ལྔ་	བཅོ་ལྔ་	NO_POS
།		PUNCT
རྡོ་རྗེ་	རྡོ་རྗེ་	NOUN
སེམས་དཔ་	སེམས་དཔའ་	NOUN
འི་	གི་	PART
སྐུ་བཞི་	སྐུ་བཞི་	OTHER
བཅུ་	བཅུ་	NUM
ཞེ་	ཞེ་	PART
དགུསངས་		NON_WORD
རྒྱ་	རྒྱ་	VERB
ཚེ་	ཚེ་	NOUN
དཔག་མེད་	དཔག་མེད་	ADJ
གྱི་	གི་	PART
སྐུ་འདྲ་	སྐུ་འདྲ་	NO_POS
བཞི་	བཞི་	NUM
བཅུ་	བཅུ་	NUM
ཞེ་	ཞེ་	PART
ལྔ་	ལྔ་	NUM
།		PUNCT
སངས་རྒྱས་	སངས་རྒྱས་	NOUN
འོད་	འོད་	NOUN
དཔག་མེད་	དཔག་མེད་	ADJ
ཀྱི་	གི་	PART
སྐུ་འདྲ་	སྐུ་འདྲ་	NO_POS
བདུན་ཅུ་	བདུན་ཅུ་	NO_POS
དོན་	དོན་	NOUN
ལྔ་	ལྔ་	NUM
།		PUNCT
སངས་རྒྱས་	སངས་རྒྱས་	NOUN
སྨན་བླ་	སྨན་བླ་	OTHER
འི་	གི་	PART
སྐུ་འདྲ་	སྐུ་འདྲ་	NO_POS
སུམ་ཅུ་	སུམ་ཅུ་	OTHER
སོ་	གོ་	PART
གཅིག་	གཅིག་	NUM
སངས་རྒྱས་	སངས་རྒྱས་	NOUN
མི་	མི་	PART
འཁྲུགས་པ་	འཁྲུགས་པ་	VERB
འི་	གི་	PART
སྐུ་འདྲ་	སྐུ་འདྲ་	NO_POS
གསུམ་	གསུམ་	NUM
།		PUNCT
སངས་རྒྱས་	སངས་རྒྱས་	NOUN
ཤཱཀྱ་	ཤཱཀྱ་	PROPN
ཐུབ་པ་	ཐུབ་པ་	VERB
འི་	གི་	PART
སྐུ་འདྲ་	སྐུ་འདྲ་	NO_POS
དྲུག་ཅུ་	དྲུག་ཅུ་	NUM
རེ་	རེ་	DET
བདུན་	བདུན་	NUM
།		PUNCT
གུ་རུ་	གུ་རུ་	PROPN
པདྨ་	པདྨ་	NOUN
འབྱུང་གནས་	འབྱུང་གནས་	NOUN
སྐུ་འདྲ་	སྐུ་འདྲ་	NO_POS
ཉི་	ཉི་	NUM
བརྒྱ་	བརྒྱ་	NUM
སུམ་ཅུ་	སུམ་ཅུ་	OTHER
སོ་	གོ་	PART
བདུན་	བདུན་	NUM
།		PUNCT
མཁན་ཆེན་	མཁན་ཆེན་	OTHER
བྷོ་		NON_WORD
དྷི་		NON_WORD
ས་	ས་	ADP
ཏྭའི་		NON_WORD
སྐུ་བཞི་	སྐུ་བཞི་	OTHER
།		PUNCT
ཁྲི་	ཁྲི་	NUM
སྲོང་	སྲོང་	NO_POS
ལྡེའུ་	ལྡེའུ་	OTHER
བཙན་	བཙན་	VERB
སྐུ་བཞི་	སྐུ་བཞི་	OTHER
།		PUNCT
གུ་རུ་	གུ་རུ་	PROPN
གཙོ་འཁོར་	གཙོ་འཁོར་	OTHER
གསུམ་	གསུམ་	NUM
།		PUNCT
འཕགས་པ་	འཕགས་པ་	VERB
སྤྱན་རས་	སྤྱན་རས་	NO_POS
གཟིགས་	གཟིགས་	VERB
ཀྱི་	གི་	PART
སྐུ་འདྲ་	སྐུ་འདྲ་	NO_POS
ལྔ་	ལྔ་	NUM
བཅུ་	བཅུ་	NUM
ང་	ང་	PRON
གཅིག་	གཅིག་	NUM
འཇམ་དཔལ་	འཇམ་དཔལ་	PROPN
དབྱངས་	དབྱངས་	NOUN
ཀྱི་	གི་	PART
སྐུ་	སྐུ་	NOUN
སུམ་ཅུ་	སུམ་ཅུ་	OTHER
སོ་	གོ་	PART
བདུན་	བདུན་	NUM
།		PUNCT
ཕྱག་	ཕྱག་	NOUN
ན་	ལ་	PART
རྡོ་རྗེ་	རྡོ་རྗེ་	NOUN
འི་	གི་	PART
སྐུ་	སྐུ་	NOUN
བཅུ་དྲུག་	བཅུ་དྲུག་	NO_POS
རྗེ་བཙུན་	རྗེ་བཙུན་	NOUN
སྒྲོལ་མ་	སྒྲོལ་མ་	PROPN
འི་	གི་	PART
སྐུ་	སྐུ་	NOUN
སུམ་ཅུ་	སུམ་ཅུ་	OTHER
སོ་	གོ་	PART
བདུན་	བདུན་	NUM
།		PUNCT
སྒྲོལ་མ་	སྒྲོལ་མ་	PROPN
ཉེ་	ཉེ་	NUM
གཅིག་	གཅིག་	NUM
བརྒྱ་	བརྒྱ་	NUM
དང་	དང་	NO_POS
ལྔ་	ལྔ་	NUM
།		PUNCT
སྒྲོལ་	སྒྲོལ་	VERB
དཀ་	དཀའ་	VERB
ར་	ལ་	PART
བཅུ་བདུན་	བཅུ་བདུན་	NO_POS
།		PUNCT
གཙུག་	གཙུག་	NOUN
གཏོ་	གཏོ་	VERB
རྣམ་རྒྱལ་	རྣམ་རྒྱལ་	NOUN
མ་	མ་	PART
འི་	གི་	PART
སྐུ་ལྔ་	སྐུ་ལྔ་	OTHER
།		PUNCT
ཨོ་རྒྱན་	ཨོ་རྒྱན་	PROPN
མཁའ་འགྲོ་	མཁའ་འགྲོ་	NOUN
ནོར་ལྷ་	ནོར་ལྷ་	NO_POS
འི་	གི་	PART
སྐུ་གསུམ་	སྐུ་གསུམ་	OTHER
།		PUNCT
གུ་རུ་	གུ་རུ་	PROPN
མཚན་	མཚན་	NOUN
བརྒྱད་	བརྒྱད་	NUM
རྣམས་	རྣམས་	DET
དབྱིན་		NON_WORD
ཇི་	ཇི་	NO_POS
བརྒྱད་	བརྒྱད་	NUM
དང་	དང་	NO_POS
དབྱིན་		NON_WORD
ཇི་	ཇི་	NO_POS
བཅུ་གཉིས་	བཅུ་གཉིས་	NO_POS
ཙམ་	ཙམ་	DET
ཤ་སྟག་	ཤ་སྟག་	DET
ཡིན་	ཡིན་	NO_POS
།		PUNCT
སྨན་	སྨན་	NOUN
འདམ་	འདམ་	NO_POS
གྱིས་	གིས་	PART
བཟོས་པ་	བཟོས་པ་	VERB
འི་	གི་	PART
གུ་རུ་	གུ་རུ་	PROPN
བདེ་བ་	བདེ་བ་	VERB
ཆེན་པོ་	ཆེན་པོ་	ADJ
སྟོང་	སྟོང་	NUM
གཅིག་	གཅིག་	NUM
ཚེ་	ཚེ་	NOUN
ལྷ་	ལྷ་	NOUN
རྣམ་	རྣམ་	NOUN
གསུམ་	གསུམ་	NUM
སྟོང་	སྟོང་	NUM
གཅིག་	གཅིག་	NUM
བཞུགས་	བཞུགས་	VERB
སོ་	གོ་	PART
། ། ༈		PUNCT
གསུང་རྟེན་	གསུང་རྟེན་	OTHER
།		PUNCT
སྡེ་དགེ་	སྡེ་དགེ་	OTHER
དགོན་	དགོན་	OTHER
ཆེན་	ཆེན་	NO_POS
ཤིང་	ཅིང་	PART
སྤ་	སྤ་	NOUN
བཀའ་འགྱུར་	བཀའ་འགྱུར་	NOUN
ཚ་	ཚ་	VERB
གཅིག་	གཅིག་	NUM
འཕྲུལ་	འཕྲུལ་	VERB
སྤ་	སྤ་	NOUN
བཀའ་འགྱུར་	བཀའ་འགྱུར་	NOUN
ཚ་	ཚ་	VERB
གཅིག་	གཅིག་	NUM
བསྟན་འགྱུར་	བསྟན་འགྱུར་	NOUN
ཚ་	ཚ་	VERB
གཅིག་	གཅིག་	NUM
རྒྱལ་བ་	རྒྱལ་བ་	NOUN
ཀློང་ཆེན་	ཀློང་ཆེན་	PROPN
རབ་འབྱམས་	རབ་འབྱམས་	ADJ
གསུང་འབུམ་	གསུང་འབུམ་	NOUN
།		PUNCT
མཛོད་	མཛོད་	NOUN
བདུན་	བདུན་	NUM
ཚ་	ཚ་	VERB
གཅིག་	གཅིག་	NUM
རིག་འཛིན་	རིག་འཛིན་	OTHER
འཇིག་	འཇིག་	VERB
མེད་	མེད་	VERB
གླིང་པ་	གླིང་པ་	NOUN
འི་	གི་	PART
བཀའ་འབུམ་	བཀའ་འབུམ་	NOUN
ཚ་	ཚ་	VERB
གཅིག་	གཅིག་	NUM
དགོངས་	དགོངས་	VERB
འདུ་	འདུ་	VERB
ཚ་	ཚ་	VERB
གཅིག་	གཅིག་	NUM
བཀའ་	བཀའ་	NOUN
ཐང་	ཐང་	NOUN
སྡེ་	སྡེ་	NOUN
ལྔ་	ལྔ་	NUM
ཚ་	ཚ་	VERB
གཅིག་	གཅིག་	NUM
རྣམས་	རྣམས་	DET
ཤོག་	ཤོག་	VERB
གུ་	གུ་	OTHER
འི་	གི་	PART
ངོ་	ངོ་	NOUN
སུ་	ལ་	PART
འཕྲུལ་	འཕྲུལ་	VERB
སྤ་	སྤ་	NOUN
བརྒྱབ་པ་	བརྒྱབ་པ་	VERB
བཞུགས་	བཞུགས་	VERB
།		PUNCT
རིན་ཆེན་	རིན་ཆེན་	OTHER
ཟངས་	ཟངས་	NOUN
ཀྱི་	གི་	PART
ངོ་	ངོ་	NOUN
སུ་	ལ་	PART
འཕྲུལ་	འཕྲུལ་	VERB
སྤ་	སྤ་	NOUN
བརྒྱབ་པ་	བརྒྱབ་པ་	VERB
ཆོས་དབྱིངས་	ཆོས་དབྱིངས་	NOUN
མཛོད་	མཛོད་	NOUN
།		PUNCT
བཀའ་	བཀའ་	NOUN
ཐང་	ཐང་	NOUN
སྡེ་	སྡེ་	NOUN
ལྔ་	ལྔ་	NUM
།		PUNCT
པདྨ་	པདྨ་	NOUN
གླིང་པ་	གླིང་པ་	NOUN
འི་	གི་	PART
གཏེར་མ་	གཏེར་མ་	OTHER
རྫོགས་ཆེན་	རྫོགས་ཆེན་	NOUN
ཁྲིད་ཡིག་	ཁྲིད་ཡིག་	NOUN
རྒྱུད་	རྒྱུད་	NOUN
རང་	རང་	PRON
ཤ་	ཤ་	VERB
།		PUNCT
གནམ་	གནམ་	NOUN
ཆོ་	ཆོ་	NOUN
ཁྲིད་ཡིག་	ཁྲིད་ཡིག་	NOUN
སངས་རྒྱས་	སངས་རྒྱས་	NOUN
ལག་	ལག་	NOUN
འཆང་	འཆང་	NO_POS
ཚ་	ཚ་	VERB
གཉིས་	གཉིས་	NUM
བཞུགས་	བཞུགས་	VERB
།		PUNCT
སྲིད་	སྲིད་	NOUN
འདི་	འདི་	DET
ར་	ལ་	PART
རྙེད་པ་	རྙེད་པ་	VERB
ར་	ལ་	PART
དཀའ་བ་	དཀའ་བ་	VERB
འི་	གི་	PART
ཆོས་རྒྱལ་	ཆོས་རྒྱལ་	NOUN
སྲོང་	སྲོང་	NO_POS
བཙན་	བཙན་	VERB
སྒམ་པོ་	སྒམ་པོ་	PROPN
འི་	གི་	PART
ཕྱག་བྲིས་	ཕྱག་བྲིས་	OTHER
ལྡེབ་	ལྡེབ་	NO_POS
འཛའ་	འཛའ་	NO_POS
གཅིག་	གཅིག་	NUM
ལོ་ཆེན་	ལོ་ཆེན་	NOUN
བཻ་རོ་ཙ་ན་	བཻ་རོ་ཙ་ན་	PROPN
འི་	གི་	PART
ཕྱག་བྲིས་	ཕྱག་བྲིས་	OTHER
ཚལ་བུ་	ཚལ་བུ་	NO_POS
།		PUNCT
གཏེར་ཆེན་	གཏེར་ཆེན་	OTHER
སངས་རྒྱས་	སངས་རྒྱས་	NOUN
གླིང་པ་	གླིང་པ་	NOUN
འི་	གི་	PART
གཏེར་	གཏེར་	NOUN
ཤོག་	ཤོག་	VERB
མཁའ་འགྲོ་	མཁའ་འགྲོ་	NOUN
འི་	གི་	PART
བརྡ་ཡིག་	བརྡ་ཡིག་	OTHER
རྣམས་	རྣམས་	DET
རིན་པོ་ཆེ་	རིན་པོ་ཆེ་	ADJ
འི་	གི་	PART
ཟ་མ་ཏོག་	ཟ་མ་ཏོག་	NOUN
ཏུ་	ལ་	PART
བཞུགས་	བཞུགས་	VERB
སུ་	ལ་	PART
གསོལ་	གསོལ་	VERB
"།
༈"		PUNCT
ཐུགས་	ཐུགས་	NOUN
ཀྱི་	གི་	PART
རྟེན་	རྟེན་	NOUN
།		PUNCT
བཀའ་	བཀའ་	NOUN
གདམས་	གདམས་	NOUN
མཆོད་རྟེན་	མཆོད་རྟེན་	NOUN
ལི་མ་	ལི་མ་	NO_POS
གཅིག་	གཅིག་	NUM
ཟངས་	ཟངས་	NOUN
གསེར་	གསེར་	NOUN
ལ་	ལ་	ADP
ས་	གིས་	PART
གྲུབ་པ་	གྲུབ་པ་	VERB
འི་	གི་	PART
བཀའ་	བཀའ་	NOUN
གདམས་	གདམས་	NOUN
མཆོད་རྟེན་	མཆོད་རྟེན་	NOUN
ཉི་ཤུ་	ཉི་ཤུ་	NUM
རྩ་	རྩ་	NUM
ལྔ་	ལྔ་	NUM
།		PUNCT
ཤེལ་	ཤེལ་	NOUN
གྱི་	གི་	PART
མཆོད་རྟེན་	མཆོད་རྟེན་	NOUN
གཅིག་	གཅིག་	NUM
བཞུགས་	བཞུགས་	VERB
། ༈		PUNCT
ཐུགས་	ཐུགས་	NOUN
དང་	དང་	NO_POS
ཡོན་ཏན་	ཡོན་ཏན་	NOUN
གཉིས་ཀ་	གཉིས་ཀ་	OTHER
འི་	གི་	PART
རྟེན་	རྟེན་	NOUN
རྡོར་དྲིལ་	རྡོར་དྲིལ་	NO_POS
ཆ་	ཆ་	NOUN
མང་པོ་	མང་པོ་	ADJ
བཞུགས་	བཞུགས་	VERB
"།
༈"		PUNCT
ཕྲིན་ལས་	ཕྲིན་ལས་	NOUN
ཀྱི་	གི་	PART
རྟེན་	རྟེན་	NOUN
།		PUNCT
གནམ་ལྕགས་	གནམ་ལྕགས་	NOUN
ཕུར་པ་	ཕུར་པ་	NOUN
མཐོ་གང་	མཐོ་གང་	NOUN
ཙམ་	ཙམ་	DET
གཅིག་	གཅིག་	NUM
ཟི་ཁྱིམ་	ཟི་ཁྱིམ་	NO_POS
ལ་	ལ་	ADP
ས་	གིས་	PART
གྲུབ་པ་	གྲུབ་པ་	VERB
འི་	གི་	PART
ཕུར་པ་	ཕུར་པ་	NOUN
མཐོ་གང་	མཐོ་གང་	NOUN
ཙམ་	ཙམ་	DET
གཅིག་	གཅིག་	NUM
གནམ་ལྕགས་	གནམ་ལྕགས་	NOUN
ཕུར་པ་	ཕུར་པ་	NOUN
ཁྲུ་	ཁྲུ་	NOUN
གང་	གང་	NO_POS
ཙམ་	ཙམ་	DET
གཅིག་	གཅིག་	NUM
ཙནྡན་	ཙནྡན་	NOUN
དམར་པོ་	དམར་པོ་	ADJ
འི་	གི་	PART
ཕུར་པ་	ཕུར་པ་	NOUN
སོ་	སོ་	PART
ར་	ལ་	PART
བཅུ་གཉིས་	བཅུ་གཉིས་	NO_POS
ཅན་	ཅན་	PART
གཅིག་	གཅིག་	NUM
གྲུབ་ཆེན་	གྲུབ་ཆེན་	NOUN
ཐང་སྟོང་	ཐང་སྟོང་	PROPN
རྒྱལ་པོ་	རྒྱལ་པོ་	NOUN
འི་	གི་	PART
ལྕགས་ཟམ་	ལྕགས་ཟམ་	NO_POS
གྱིས་	གིས་	PART
བཟོས་པ་	བཟོས་པ་	VERB
འི་	གི་	PART
ཕུར་པ་	ཕུར་པ་	NOUN
གཅིག་	གཅིག་	NUM
ཤིང་	ཅིང་	PART
གི་	གི་	PART
ཕུར་པ་	ཕུར་པ་	NOUN
སྒྲོ་	སྒྲོ་	NOUN
ལེགས་	ལེགས་	VERB
ཁ་ཤ་	ཁ་ཤ་	OTHER
དང་	དང་	NO_POS
། ༈		PUNCT
སྔོན་	སྔོན་	ADV
གྱི་	གི་	PART
དུས་	དུས་	NOUN
ན་	ནས་	PART
བཞུགས་པ་	བཞུགས་པ་	VERB
འི་	གི་	PART
ཟངས་	ཟངས་	NOUN
སྒམ་	སྒམ་	NO_POS
བཅུ་དགུ་	བཅུ་དགུ་	NO_POS
ཙམ་	ཙམ་	DET
གྱི་	གི་	PART
ནང་	ནང་	NOUN
དུ་	ལ་	PART
ནང་	ནང་	NOUN
རྟེན་	རྟེན་	NOUN
ཁྱད་འཕགས་	ཁྱད་འཕགས་	OTHER
བཞུགས་པ་	བཞུགས་པ་	VERB
རྣམས་	རྣམས་	DET
དང་	དང་	NO_POS
།		PUNCT
མཆོད་རྟེན་	མཆོད་རྟེན་	NOUN
བྲེ་	བྲེ་	NOUN
ཡི་	གི་	PART
ཕྱི་ངོས་	ཕྱི་ངོས་	NO_POS
སུ་	ལ་	PART
དབྱིན་		NON_WORD
ཇི་	ཇི་	NO_POS
དྲུག་	དྲུག་	NUM
གི་	གི་	PART
ཚད་	ཚད་	NOUN
ཙམ་	ཙམ་	DET
བསྐལ་བཟང་	བསྐལ་བཟང་	NOUN
གི་	གི་	PART
སངས་རྒྱས་	སངས་རྒྱས་	NOUN
སྟོང་	སྟོང་	NUM
རྩ་	རྩ་	NUM
གཉིས་	གཉིས་	NUM
དང་	དང་	NO_POS
།		PUNCT
གུ་རུ་	གུ་རུ་	PROPN
སྣང་སྲིད་	སྣང་སྲིད་	NOUN
ཟིལ་གནོན་	ཟིལ་གནོན་	NOUN
སྐུ་འདྲ་	སྐུ་འདྲ་	NO_POS
ལྔ་	ལྔ་	NUM
བཅུ་	བཅུ་	NUM
།		PUNCT
ཟངས་	ཟངས་	NOUN
ལྡེབ་	ལྡེབ་	NO_POS
ལ་	ལ་	PART
དེང་དུས་	དེང་དུས་	OTHER
ཀྱི་	གི་	PART
འཕྲུལ་	འཕྲུལ་	VERB
བཟོས་	བཟོས་	VERB
གུ་རུ་	གུ་རུ་	PROPN
འི་	གི་	PART
སྐུ་	སྐུ་	NOUN
སྤ་	སྤ་	NOUN
དང་	དང་	NO_POS
།		PUNCT
སི་	སི་	OTHER
དྡྷི་		NON_WORD
ཟངས་	ཟངས་	NOUN
རྐོས་	རྐོས་	VERB
ལྡེབ་	ལྡེབ་	NO_POS
སུམ་བརྒྱ་	སུམ་བརྒྱ་	OTHER
དྲུག་ཅུ་	དྲུག་ཅུ་	NUM
རེ་	རེ་	DET
དྲུག་	དྲུག་	NUM
ཙམ་	ཙམ་	DET
བཞུགས་	བཞུགས་	VERB
།		PUNCT
བླ་མ་	བླ་མ་	NOUN
དགོངས་	དགོངས་	VERB
འདུ་	འདུ་	VERB
དང་	དང་	NO_POS
རིན་ཆེན་	རིན་ཆེན་	OTHER
གཏེར་མཛོད་	གཏེར་མཛོད་	NOUN
ནང་ལྟར་	ནང་ལྟར་	NO_POS
དགེ་འདུན་	དགེ་འདུན་	NOUN
གྱི་	གི་	PART
སྡེ་	སྡེ་	NOUN
གསོ་བ་	གསོ་བ་	VERB
།		PUNCT
གསང་སྔགས་	གསང་སྔགས་	NOUN
ཀྱི་	གི་	PART
ཐེག་པ་	ཐེག་པ་	NOUN
སྤེལ་བ་	སྤེལ་བ་	VERB
།		PUNCT
རྒྱལ་པོ་	རྒྱལ་པོ་	NOUN
འི་	གི་	PART
མངའ་ཐང་	མངའ་ཐང་	NOUN
བསྐྱེད་པ་	བསྐྱེད་པ་	VERB
།		PUNCT
སྐྱེ་བ་	སྐྱེ་བ་	VERB
འི་	གི་	PART
འདུ་ཚོགས་	འདུ་ཚོགས་	NO_POS
རྒྱས་པ་	རྒྱས་པ་	VERB
།		PUNCT
ཡ་རབས་	ཡ་རབས་	NOUN
ཀྱི་	གི་	PART
རིགས་	རིགས་	NOUN
བརྒྱུད་	བརྒྱུད་	NO_POS
སྤེལ་བ་	སྤེལ་བ་	VERB
།		PUNCT
ཟབ་མོ་	ཟབ་མོ་	ADJ
འི་	གི་	PART
ཆོས་བརྒྱུད་	ཆོས་བརྒྱུད་	NOUN
སྤེལ་བ་	སྤེལ་བ་	VERB
།		PUNCT
ཚེ་	ཚེ་	NOUN
དང་	དང་	NO_POS
ཡེ་ཤེས་	ཡེ་ཤེས་	NOUN
རྒྱས་པ་	རྒྱས་པ་	VERB
།		PUNCT
ནོར་	ནོར་	NOUN
དང་	དང་	NO_POS
ལོངས་སྤྱོད་	ལོངས་སྤྱོད་	NOUN
སྤེལ་བ་	སྤེལ་བ་	VERB
།		PUNCT
དགྲ་ལྷ་	དགྲ་ལྷ་	NOUN
འི་	གི་	PART
མཐུ་རྩལ་	མཐུ་རྩལ་	NOUN
གསོ་བ་	གསོ་བ་	VERB
།		PUNCT
ལྷ་	ལྷ་	NOUN
ཀླུ་	ཀླུ་	NOUN
འི་	གི་	PART
འཁོན་	འཁོན་	VERB
སེལ་བ་	སེལ་བ་	VERB
།		PUNCT
སྙན་	སྙན་	NOUN
ཅིང་	ཅིང་	PART
གྲགས་པ་	གྲགས་པ་	VERB
སྤེལ་བ་	སྤེལ་བ་	VERB
།		PUNCT
ས་	ས་	ADP
ཡི་	གི་	PART
བཅུད་	བཅུད་	NOUN
གསོ་བ་	གསོ་བ་	VERB
།		PUNCT
ཡུལ་	ཡུལ་	NOUN
གྱི་	གི་	PART
ནད་ཡམས་	ནད་ཡམས་	OTHER
གཅོད་པ་	གཅོད་པ་	VERB
།		PUNCT
དུས་	དུས་	NOUN
ཀྱི་	གི་	PART
འཁྲུགས་པ་	འཁྲུགས་པ་	VERB
ཞི་བ་	ཞི་བ་	VERB
།		PUNCT
སྤྱི་ཆིངས་	སྤྱི་ཆིངས་	OTHER
འབྱུང་བ་	འབྱུང་བ་	VERB
དཔལ་	དཔལ་	OTHER
བསྐྱེད་	བསྐྱེད་	VERB
དེ་	སྟེ་	PART
།		PUNCT
སྣོད་བཅུད་	སྣོད་བཅུད་	NOUN
ཀྱི་	གི་	PART
ལེགས་ཚོགས་	ལེགས་ཚོགས་	OTHER
སྤེལ་བ་	སྤེལ་བ་	VERB
འི་	གི་	PART
ཙཀྲ་	ཙཀྲ་	NO_POS
ནི་	ནི་	NO_POS
།		PUNCT
རིག་འཛིན་	རིག་འཛིན་	OTHER
སྲོག་	སྲོག་	NOUN
འཁོར་	འཁོར་	NOUN
དཔལ་	དཔལ་	OTHER
གྱི་	གི་	PART
གདུ་བུ་	གདུ་བུ་	OTHER
།		PUNCT
བླ་མ་	བླ་མ་	NOUN
ཀུན་	ཀུན་	DET
འདུ་	འདུ་	VERB
ཙཀྲཡི་		NON_WORD
དམ་	གམ་	PART
ཀུན་	ཀུན་	DET
འདུ་	འདུ་	VERB
ཙཀྲམཁའ་		NON_WORD
འགྲོ་	འགྲོ་	VERB
ཀུན་	ཀུན་	DET
འདུ་	འདུ་	VERB
ཙཀྲཁྲོ་བོ་	ཙཀྲཁྲོ་བོ་	NON_WORD
མི་གཡོ་བ་	མི་གཡོ་བ་	NO_POS
འི་	གི་	PART
ས་གཡོ་བ་	ས་གཡོ་བ་	NO_POS
སྲུང་བ་	སྲུང་བ་	VERB
འི་	གི་	PART
འཁོར་ལོ་	འཁོར་ལོ་	NOUN
།		PUNCT
གྲོང་ཁྱེར་	གྲོང་ཁྱེར་	NOUN
སྒྲོལ་	སྒྲོལ་	VERB
འཁོར་	འཁོར་	NOUN
།		PUNCT
གདུགས་དཀར་	གདུགས་དཀར་	NO_POS
ཙཀྲ་	ཙཀྲ་	NO_POS
།		PUNCT
སོ་སོ་	སོ་སོ་	PRON
ར་	ལ་	PART
འབྲང་	འབྲང་	VERB
མ་	མ་	PART
འི་	གི་	PART
ཙཀྲའཕགས་		NON_WORD
མ་	མ་	PART
སྒྲོལ་མ་	སྒྲོལ་མ་	PROPN
འི་	གི་	PART
ཙཀྲ་	ཙཀྲ་	NO_POS
རྣམས་	རྣམས་	DET
རིན་ཆེན་	རིན་ཆེན་	OTHER
ཟངས་	ཟངས་	NOUN
ཀྱི་	གི་	PART
ངོ་	ངོ་	NOUN
སུ་	ལ་	PART
འཕྲུལ་	འཕྲུལ་	VERB
སྤ་	སྤ་	NOUN
བརྒྱབ་	བརྒྱབ་	NO_POS
ན་	ནས་	PART
བཞུགས་	བཞུགས་	VERB
སུ་	ལ་	PART
གསོལ་	གསོལ་	VERB
ཏེ་	སྟེ་	PART
།		PUNCT
སྤྱི་ལོ་	སྤྱི་ལོ་	NOUN
		
ཟླ་བ་	ཟླ་བ་	NOUN
		
ཚེ་	ཚེ་	NOUN
		
འབྱུང་རྩིས་	འབྱུང་རྩིས་	OTHER
རབ་གནས་	རབ་གནས་	NOUN
མེ་	མེ་	NOUN
སྤྲེལ་	སྤྲེལ་	NO_POS
ལོ་	ལོ་	NOUN
འི་	གི་	PART
ཟླ་བ་	ཟླ་བ་	NOUN
		
ཚེ་	ཚེ་	NOUN
		
ཉིན་	ཉིན་	NOUN
ལེགས་པ་	ལེགས་པ་	VERB
ར་	ལ་	PART
གྲུབ་	གྲུབ་	VERB
འཕྲལ་	འཕྲལ་	ADV
།		PUNCT
མ་	མ་	PART
ཧཱ་		NON_WORD
གུ་རུ་	གུ་རུ་	PROPN
ས་	གིས་	PART
།		PUNCT
ཕྱི་རབས་	ཕྱི་རབས་	OTHER
རྟེན་	རྟེན་	NOUN
གསུམ་	གསུམ་	NUM
བཞེངས་པ་	བཞེངས་པ་	VERB
རྣམས་	རྣམས་	DET
། །		PUNCT
གྲུབ་	གྲུབ་	VERB
དང་	དང་	NO_POS
རབ་གནས་	རབ་གནས་	NOUN
དུས་མཉམ་	དུས་མཉམ་	ADV
བྱ་	བྱ་	VERB
། །		PUNCT
ཞེ་	ཅེས་	PART
དང་	དང་	NO_POS
།		PUNCT
རྒྱུད་	རྒྱུད་	NOUN
ལ་	ལ་	ADP
ས་	གིས་	PART
།		PUNCT
སངས་རྒྱས་	སངས་རྒྱས་	NOUN
ལ་སོགས་	ལ་སོགས་	NO_POS
རབ་གནས་	རབ་གནས་	NOUN
ནི་	ནི་	NO_POS
། །		PUNCT
ཆོ་ག་	ཆོ་ག་	NOUN
དག་	དག་	DET
དང་	དང་	NO_POS
ལྡན་པ་	ལྡན་པ་	VERB
ར་	ལ་	PART
བྱ་	བྱ་	VERB
། །		PUNCT
ཆོ་ག་	ཆོ་ག་	NOUN
དམན་པ་	དམན་པ་	VERB
ས་	གིས་	PART
མི་	མི་	PART
བྱ་	བྱ་	VERB
སྟེ་	སྟེ་	PART
། །		PUNCT
དེ་བ་	དེ་བ་	OTHER
ས་	གིས་	PART
འབད་པ་	འབད་པ་	VERB
ཐམས་ཅད་	ཐམས་ཅད་	DET
ཀྱིས་	གིས་	PART
"།
།"		PUNCT
དངོས་གྲུབ་	དངོས་གྲུབ་	NOUN
འདོད་པ་	འདོད་པ་	VERB
ས་	གིས་	PART
ནན་ཏན་	ནན་ཏན་	NOUN
བྱ་	བྱ་	VERB
། །		PUNCT
ཞེ་	ཅེས་	PART
གསུངས་པ་	གསུངས་པ་	VERB
ལྟ་	ལྟ་	OTHER
དཔལ་ལྡན་	དཔལ་ལྡན་	ADJ
ས་སྐྱ་པ་	ས་སྐྱ་པ་	PROPN
འི་	གི་	PART
མཁན་	མཁན་	PROPN
སྤྲུལ་	སྤྲུལ་	VERB
བླ་གྲྭ་	བླ་གྲྭ་	NO_POS
རྣམས་	རྣམས་	DET
ཀྱིས་	གིས་	PART
རབ་གནས་	རབ་གནས་	NOUN
ཉིན་	ཉིན་	NOUN
ལྔ་	ལྔ་	NUM
མཛད་པ་	མཛད་པ་	VERB
དང་	དང་	NO_POS
།		PUNCT
འགྲོ་མགོན་	འགྲོ་མགོན་	NOUN
བཀའ་	བཀའ་	NOUN
བརྒྱུད་པ་	བརྒྱུད་པ་	VERB
འི་	གི་	PART
མཁན་	མཁན་	PROPN
སྤྲུལ་	སྤྲུལ་	VERB
བླ་གྲྭ་	བླ་གྲྭ་	NO_POS
རྣམས་	རྣམས་	DET
ཀྱིས་	གིས་	PART
རབ་གནས་	རབ་གནས་	NOUN
ཉིན་	ཉིན་	NOUN
ལྔ་	ལྔ་	NUM
།		PUNCT
རི་བོ་	རི་བོ་	NOUN
དགེ་	དགེ་	NOUN
ལྡན་པ་	ལྡན་པ་	VERB
འི་	གི་	PART
མཁན་	མཁན་	PROPN
སྤྲུལ་	སྤྲུལ་	VERB
དགེ་བ་	དགེ་བ་	VERB
འི་	གི་	PART
བཤེས་གཉེན་	བཤེས་གཉེན་	NOUN
རྣམས་	རྣམས་	DET
ན་	ནས་	PART
རབ་གནས་	རབ་གནས་	NOUN
ཉིན་	ཉིན་	NOUN
ལྔ་	ལྔ་	NUM
།		PUNCT
སྔ་	སྔ་	ADV
འགྱུར་	འགྱུར་	VERB
རྙིང་མ་	རྙིང་མ་	OTHER
འི་	གི་	PART
ཕྱོགས་	ཕྱོགས་	NOUN
ན་	ནས་	PART
མཁན་	མཁན་	PROPN
སྤྲུལ་	སྤྲུལ་	VERB
དགེ་བ་	དགེ་བ་	VERB
འི་	གི་	PART
བཤེས་གཉེན་	བཤེས་གཉེན་	NOUN
འདུས་པ་	འདུས་པ་	VERB
རྣམས་	རྣམས་	DET
ན་	ནས་	PART
རབ་གནས་	རབ་གནས་	NOUN
ཉིན་	ཉིན་	NOUN
དྲུག་	དྲུག་	NUM
གནང་	གནང་	NO_POS
།		PUNCT
རབ་གནས་	རབ་གནས་	NOUN
ཕན་ཡོན་	ཕན་ཡོན་	NOUN
ངེས་པ་	ངེས་པ་	VERB
ཡང་	ཀྱང་	PART
།		PUNCT
རྒྱུད་	རྒྱུད་	NOUN
ལ་	ལ་	ADP
ས་	གིས་	PART
།		PUNCT
རྟེན་	རྟེན་	NOUN
དེ་	སྟེ་	PART
གང་	གང་	NO_POS
དུ་	ལ་	PART
བཞུགས་	བཞུགས་	VERB
ཀྱང་	ཀྱང་	PART
ནི་	ནི་	NO_POS
། །		PUNCT
འཁོར་	འཁོར་	NOUN
དང་	དང་	NO_POS
ལོངས་སྤྱོད་	ལོངས་སྤྱོད་	NOUN
སྤྲིན་	སྤྲིན་	NOUN
བཞིན་	བཞིན་	NOUN
འདུ་	འདུ་	VERB
"།
།"		PUNCT
བུ་ཚ་	བུ་ཚ་	NOUN
རིགས་	རིགས་	NOUN
བརྒྱུད་	བརྒྱུད་	NO_POS
ཤིན་ཏུ་	ཤིན་ཏུ་	NO_POS
འཕེལ་	འཕེལ་	VERB
། །		PUNCT
སྙན་	སྙན་	NOUN
དང་	དང་	NO_POS
གྲགས་པ་	གྲགས་པ་	VERB
མཁའ་	མཁའ་	NOUN
ལྟ་	ལྟ་	OTHER
ཁྱབ་	ཁྱབ་	VERB
། །		PUNCT
བསམ་གཏན་	བསམ་གཏན་	NOUN
ཏིང་འཛིན་	ཏིང་འཛིན་	NOUN
འཕེལ་བ་	འཕེལ་བ་	VERB
དང་	དང་	NO_POS
"།
།"		PUNCT
འགྲོ་དོན་	འགྲོ་དོན་	NOUN
མང་པོ་	མང་པོ་	ADJ
ར་	ལ་	PART
བྱེད་པ་	བྱེད་པ་	VERB
ར་	ལ་	PART
ནུས་	ནུས་	VERB
། །		PUNCT
བདེ་གཤེགས་	བདེ་གཤེགས་	NOUN
ཉིད་	ཉིད་	DET
དུ་	ལ་	PART
སྤྱོད་ཡུལ་	སྤྱོད་ཡུལ་	NOUN
གཅིག་	གཅིག་	NUM
།		PUNCT
ཞེ་	ཅེས་	PART
སོ་	གོ་	PART
། །		PUNCT
དེ་ལྟ་	དེ་ལྟ་	NO_POS
བུ་	བུ་	NOUN
འི་	གི་	PART
ཁྱད་པར་	ཁྱད་པར་	NOUN
འཕགས་པ་	འཕགས་པ་	VERB
འི་	གི་	PART
རྟེན་	རྟེན་	NOUN
བཞེངས་པ་	བཞེངས་པ་	VERB
འི་	གི་	PART
བྱ་བ་	བྱ་བ་	VERB
ལ་སྒོ་	ལ་སྒོ་	NO_POS
གསུམ་	གསུམ་	NUM
གྱི་	གི་	PART
འབྲེལ་བ་	འབྲེལ་བ་	VERB
ཐོགས་པ་	ཐོགས་པ་	VERB
ཡན་ཆད་	ཡན་ཆད་	ADV
དོན་	དོན་	NOUN
ཆེན་པོ་	ཆེན་པོ་	ADJ
དང་	དང་	NO_POS
ལྡན་པ་	ལྡན་པ་	VERB
འི་	གི་	PART
ཚུལ་	ཚུལ་	NOUN
།		PUNCT
ལ་	ལ་	ADP
ས་	གིས་	PART
རྣམ་པ་	རྣམ་པ་	NOUN
ར་	ལ་	PART
འབྱེད་པ་	འབྱེད་པ་	VERB
འི་	གི་	PART
མདོ་	མདོ་	NOUN
ར་	ལ་	PART
།		PUNCT
བྲམ་ཟེ་	བྲམ་ཟེ་	NOUN
ཁྱེའུ་	ཁྱེའུ་	NOUN
ནེ་ཙོ་	ནེ་ཙོ་	NOUN
ལ་	ལ་	PART
བཀའ་	བཀའ་	NOUN
སྩལ་པ་	སྩལ་པ་	VERB
།		PUNCT
དེ་བཞིན་	དེ་བཞིན་	OTHER
གཤེགས་པ་	གཤེགས་པ་	VERB
འི་	གི་	PART
མཆོད་རྟེན་	མཆོད་རྟེན་	NOUN
བཞེངས་པ་	བཞེངས་པ་	VERB
འི་	གི་	PART
ཕན་ཡོན་	ཕན་ཡོན་	NOUN
བཅོ་བརྒྱད་	བཅོ་བརྒྱད་	NO_POS
ཡོད་	ཡོད་	VERB
དེ་	སྟེ་	PART
།		PUNCT
བཅོ་བརྒྱད་པོ་	བཅོ་བརྒྱད་པོ་	NO_POS
གང་ཞེ་ན་	གང་ཞེ་ན་	NO_POS
།		PUNCT
རྒྱལ་པོ་	རྒྱལ་པོ་	NOUN
འི་	གི་	PART
ཁྱིམ་	ཁྱིམ་	NOUN
དུ་	ལ་	PART
སྐྱེ་བ་	སྐྱེ་བ་	VERB
དང་	དང་	NO_POS
།		PUNCT
གཟུགས་བཟང་བ་	གཟུགས་བཟང་བ་	NO_POS
དང་	དང་	NO_POS
།		PUNCT
མཛེ་	མཛེ་	VERB
ཤིང་	ཅིང་	PART
མིག་	མིག་	NOUN
ཏུ་	ལ་	PART
སྡུག་པ་	སྡུག་པ་	VERB
ར་	ལ་	PART
འགྱུར་བ་	འགྱུར་བ་	VERB
དང་	དང་	NO_POS
།		PUNCT
རྟེན་	རྟེན་	NOUN
དུ་	ལ་	PART
འགྱུར་བ་	འགྱུར་བ་	VERB
དང་	དང་	NO_POS
།		PUNCT
ཕྱོགས་	ཕྱོགས་	NOUN
བཅུ་		
བརྗོད་པ་	བརྗོད་པ་	VERB
དང་	དང་	NO_POS
།		PUNCT
སྒྲ་	སྒྲ་	NOUN
དང་	དང་	NO_POS
ཚིགས་	ཚིགས་	NOUN
སུ་	ལ་	PART
བཅད་པ་	བཅད་པ་	VERB
རྒྱ་ཆེན་པོ་	རྒྱ་ཆེན་པོ་	ADJ
ར་	ལ་	PART
མངོན་དུ་	མངོན་དུ་	NO_POS
འབྱུང་བ་	འབྱུང་བ་	VERB
ར་	ལ་	PART
འདོད་པ་	འདོད་པ་	VERB
དང་	དང་	NO_POS
།		PUNCT
ལྷ་	ལྷ་	NOUN
དང་	དང་	NO_POS
མི་	མི་	PART
ས་	གིས་	PART
མཆོད་པ་	མཆོད་པ་	VERB
ར་	ལ་	PART
འགྱུར་བ་	འགྱུར་བ་	VERB
དང་	དང་	NO_POS
།		PUNCT
ནོར་	ནོར་	NOUN
མང་པོ་	མང་པོ་	ADJ
དང་	དང་	NO_POS
ལྡན་པ་	ལྡན་པ་	VERB
ར་	ལ་	PART
འགྱུར་བ་	འགྱུར་བ་	VERB
དང་	དང་	NO_POS
།		PUNCT
མྱུར་	མྱུར་	VERB
དུ་	ལ་	PART
ཡོངས་སུ་	ཡོངས་སུ་	NO_POS
མྱ་ངན་	མྱ་ངན་	NOUN
ལ་	ལ་	ADP
ས་	གིས་	PART
འདའ་བ་	འདའ་བ་	VERB
ར་	ལ་	PART
འགྱུར་བ་	འགྱུར་བ་	VERB
སྟེ་	སྟེ་	PART
བཅོ་བརྒྱད་པོ་	བཅོ་བརྒྱད་པོ་	NO_POS
དེ་དག་	དེ་དག་	OTHER
ནི་	ནི་	NO_POS
དེ་བཞིན་	དེ་བཞིན་	OTHER
གཤེགས་པ་	གཤེགས་པ་	VERB
འི་	གི་	PART
མཆོད་རྟེན་	མཆོད་རྟེན་	NOUN
བཞེངས་པ་	བཞེངས་པ་	VERB
འི་	གི་	PART
ཕན་ཡོན་	ཕན་ཡོན་	NOUN
ཡིན་	ཡིན་	NO_POS
ནོ་	གོ་	PART
"།
།"		PUNCT
ཞེ་	ཅེས་	PART
དང་	དང་	NO_POS
།		PUNCT
སྙིང་རྗེ་	སྙིང་རྗེ་	NOUN
པད་དཀར་	པད་དཀར་	OTHER
ལ་	ལ་	ADP
ས་	གིས་	PART
།		PUNCT
བྱང་ཕྱོགས་	བྱང་ཕྱོགས་	NOUN
ཀྱི་	གི་	PART
གྲོང་ཁྱེར་	གྲོང་ཁྱེར་	NOUN
རྡོ་	རྡོ་	NOUN
འཇོག་	འཇོག་	VERB
ཅེས་བྱ་བ་	ཅེས་བྱ་བ་	NO_POS
ར་	ལ་	PART
ཁྱིམ་བདག་	ཁྱིམ་བདག་	NOUN
རལ་པ་	རལ་པ་	VERB
ཅན་	ཅན་	PART
ཞེ་	ཅེས་	PART
བྱ་བ་	བྱ་བ་	VERB
འབྱུང་	འབྱུང་	VERB
།		PUNCT
དེ་	དེ་	DET
ས་	གིས་	PART
ང་	ང་	PRON
འི་	གི་	PART
ལུས་	ལུས་	NOUN
དང་	དང་	NO_POS
ཉན་ཐོས་	ཉན་ཐོས་	NOUN
རྣམས་	རྣམས་	DET
མཆོད་	མཆོད་	VERB
ཅིང་	ཅིང་	PART
རྟེན་	རྟེན་	NOUN
དང་	དང་	NO_POS
བརྟེན་པ་	བརྟེན་པ་	VERB
བཞེངས་པ་	བཞེངས་པ་	VERB
ར་	ལ་	PART
འགྱུར་	འགྱུར་	VERB
སྟེ་	སྟེ་	PART
།		PUNCT
བསྐལ་པ་	བསྐལ་པ་	NOUN
སྟོང་	སྟོང་	NUM
ན་	ནས་	PART
བསྐལ་པ་	བསྐལ་པ་	NOUN
བཟང་	བཟང་	VERB
བྱེད་	བྱེད་	VERB
ལ་	ལ་	PART
།		PUNCT
བཀོད་པ་	བཀོད་པ་	VERB
ཆེན་པོ་	ཆེན་པོ་	ADJ
ས་	གིས་	PART
ལེགས་པ་	ལེགས་པ་	VERB
ར་	ལ་	PART
བརྒྱན་པ་	བརྒྱན་པ་	VERB
འི་	གི་	PART
འཇིག་རྟེན་	འཇིག་རྟེན་	NOUN
དུ་	ལ་	PART
སངས་རྒྱས་	སངས་རྒྱས་	NOUN
ཀུན་	ཀུན་	DET
ཏུ་	ལ་	PART
སྣང་བྱེད་	སྣང་བྱེད་	PROPN
ཞེ་	ཅེས་	PART
བྱ་བ་	བྱ་བ་	VERB
འགྱུར་	འགྱུར་	VERB
རོ་	རོ་	NOUN
"།
།"		PUNCT
ཞེ་	ཅེས་	PART
དང་	དང་	NO_POS
།		PUNCT
དེ་བཞིན་	དེ་བཞིན་	OTHER
གཤེགས་པ་	གཤེགས་པ་	VERB
འི་	གི་	PART
མཆོད་རྟེན་	མཆོད་རྟེན་	NOUN
ལ་	ལ་	PART
དད་པ་	དད་པ་	VERB
དང་	དང་	NO_POS
དག་སྣང་	དག་སྣང་	NOUN
བསྐྱེད་	བསྐྱེད་	VERB
དེ་	སྟེ་	PART
འགྲོ་བ་	འགྲོ་བ་	VERB
སུ་ཞིག་	སུ་ཞིག་	NO_POS
གི་	གི་	PART
ཕྱག་མཆོད་	ཕྱག་མཆོད་	NOUN
བསྐོར་བ་	བསྐོར་བ་	VERB
བྱས་པ་	བྱས་པ་	VERB
རྣམས་	རྣམས་	DET
གནས་སྐབས་	གནས་སྐབས་	NOUN
སུ་	ལ་	PART
ཚེ་རིང་	ཚེ་རིང་	NOUN
ཞིང་	ཅིང་	PART
།		PUNCT
ཡོན་	ཡོན་	NOUN
དུ་	ལ་	PART
སྦྱོར་བ་	སྦྱོར་བ་	VERB
འི་	གི་	PART
ཆབ་སྲིད་	ཆབ་སྲིད་	NOUN
བརྟན་པ་	བརྟན་པ་	VERB
དང་	དང་	NO_POS
།		PUNCT
མཐར་ཐུག་	མཐར་ཐུག་	NOUN
བདེ་བ་	བདེ་བ་	VERB
ཅན་	ཅན་	PART
གྱི་	གི་	PART
ཞིང་ཁམས་	ཞིང་ཁམས་	NOUN
བླ་	བླ་	NOUN
ན་	ལ་	PART
མེད་པ་	མེད་པ་	VERB
ར་	ལ་	PART
དབུགས་དབྱུང་བ་	དབུགས་དབྱུང་བ་	NO_POS
འི་	གི་	PART
ལུང་	ལུང་	NOUN
དུ་	ལ་	PART
བསྟན་པ་	བསྟན་པ་	VERB
ནི་	ནི་	NO_POS
།		PUNCT
གསལ་རྒྱལ་	གསལ་རྒྱལ་	PROPN
གྱི་	གི་	PART
ཞུས་པ་	ཞུས་པ་	VERB
འི་	གི་	PART
མདོ་	མདོ་	NOUN
ལ་	ལ་	ADP
ས་	གིས་	PART
ཀྱང་	ཀྱང་	PART
།		PUNCT
སུ་	ལ་	PART
དག་	དག་	DET
བདེ་བ་	བདེ་བ་	VERB
ར་	ལ་	PART
གཤེགས་པ་	གཤེགས་པ་	VERB
འི་	གི་	PART
མཆོད་རྟེན་	མཆོད་རྟེན་	NOUN
ལ་	ལ་	PART
། །		PUNCT
མཆོད་པ་	མཆོད་པ་	VERB
འི་	གི་	PART
ཁྱད་པར་	ཁྱད་པར་	NOUN
ཅི་	ཅི་	NO_POS
འདོད་	འདོད་	VERB
ཅི་	ཅི་	NO_POS
འབྱོར་བ་	འབྱོར་བ་	VERB
"།
།"		PUNCT
མཚམས་པ་	མཚམས་པ་	NOUN
ར་	ལ་	PART
འབུལ་	འབུལ་	NO_POS
བྱེད་	བྱེད་	VERB
དེ་དག་	དེ་དག་	OTHER
དྲི་མེད་	དྲི་མེད་	ADJ
ཅིང་	ཅིང་	PART
། །		PUNCT
མྱ་ངན་མེད་པ་	མྱ་ངན་མེད་པ་	PROPN
འི་	གི་	PART
བླ་མེད་	བླ་མེད་	ADJ
བྱང་ཆུབ་	བྱང་ཆུབ་	NOUN
ཐོབ་	ཐོབ་	VERB
། །		PUNCT
ཞེ་	ཅེས་	PART
དང་	དང་	NO_POS
།		PUNCT
ཤེས་རབ་	ཤེས་རབ་	NOUN
ཆེན་པོ་	ཆེན་པོ་	ADJ
ཤཱ་རི་	ཤཱ་རི་	PROPN
འི་	གི་	PART
བུ་	བུ་	VERB
། །		PUNCT
སྟོན་པ་	སྟོན་པ་	NOUN
ལ་	ལ་	PART
ནི་	ནི་	NO_POS
ཞུ་བ་	ཞུ་བ་	VERB
ཞུ་	ཞུ་	VERB
། །		PUNCT
མཆོད་རྟེན་	མཆོད་རྟེན་	NOUN
བསྐོར་བ་	བསྐོར་བ་	VERB
བགྱིས་པ་	བགྱིས་པ་	VERB
ཡི་	གིས་	PART
། །		PUNCT
རྣམ་པ་	རྣམ་པ་	NOUN
ར་	ལ་	PART
སྨིན་པ་	སྨིན་པ་	VERB
ཅིར་	ཅིར་	NO_POS
འགྱུར་བ་	འགྱུར་བ་	VERB
"།
།"		PUNCT
སྐལ་པ་	སྐལ་པ་	NOUN
ཆེན་པོ་	ཆེན་པོ་	ADJ
འི་	གི་	PART
འཇིག་རྟེན་	འཇིག་རྟེན་	NOUN
མཆོག་	མཆོག་	ADJ
།		PUNCT
རྣམ་པ་	རྣམ་པ་	NOUN
ར་	ལ་	PART
འདྲེན་པ་	འདྲེན་པ་	VERB
ས་	གིས་	PART
བདག་	བདག་	PRON
ལ་	ལ་	PART
གསུངས་	གསུངས་	VERB
། །		PUNCT
རྫོགས་པ་	རྫོགས་པ་	VERB
འི་	གི་	PART
སངས་རྒྱས་	སངས་རྒྱས་	NOUN
རྐང་	རྐང་	NOUN
གཉིས་	གཉིས་	NUM
མཆོག་	མཆོག་	ADJ
།		PUNCT
སྟོན་པ་	སྟོན་པ་	NOUN
ས་	གིས་	PART
དེ་	སྟེ་	PART
ལ་	ལ་	PART
བཀའ་	བཀའ་	NOUN
སྩལ་པ་	སྩལ་པ་	VERB
། །		PUNCT
མཆོད་རྟེན་	མཆོད་རྟེན་	NOUN
བསྐོར་བ་	བསྐོར་བ་	VERB
བྱས་པ་	བྱས་པ་	VERB
ཡི་	གིས་	PART
། །		PUNCT
ཡོན་ཏན་	ཡོན་ཏན་	NOUN
གང་ཡིན་	གང་ཡིན་	NO_POS
ཕྱོགས་མཚམས་	ཕྱོགས་མཚམས་	NOUN
བསྟན་	བསྟན་	VERB
"།
།"		PUNCT
མཆོད་རྟེན་	མཆོད་རྟེན་	NOUN
བསྐོར་བ་	བསྐོར་བ་	VERB
བྱས་པ་	བྱས་པ་	VERB
ས་	གིས་	PART
ནི་	ནི་	NO_POS
། །		PUNCT
ཡིད་	ཡིད་	NOUN
དུ་	ལ་	PART
འོང་ཞིང་	འོང་ཞིང་	NO_POS
བལྟ་	བལྟ་	VERB
ན་	ལ་	PART
སྡུག་	སྡུག་	VERB
།		PUNCT
མདོག་	མདོག་	NOUN
བཟང་	བཟང་	VERB
མཐོང་	མཐོང་	VERB
ན་	ལ་	PART
དགའ་བ་	དགའ་བ་	VERB
དང་	དང་	NO_POS
"།
།"		PUNCT
ལོངས་སྤྱོད་	ལོངས་སྤྱོད་	NOUN
རྒྱ་	རྒྱ་	NOUN
ཆེ་	ཆེ་	VERB
ར་	ལ་	PART
སྤྱོད་པ་	སྤྱོད་པ་	VERB
ར་	ལ་	PART
འགྱུར་	འགྱུར་	VERB
། །		PUNCT
མཆོད་རྟེན་	མཆོད་རྟེན་	NOUN
བསྐོར་བ་	བསྐོར་བ་	VERB
བྱས་པ་	བྱས་པ་	VERB
ས་	གིས་	PART
ནི་	ནི་	NO_POS
"།
།"		PUNCT
ཁྱིམ་བདག་	ཁྱིམ་བདག་	NOUN
ཆེ་	ཆེ་	VERB
ཞིང་	ཅིང་	PART
མཐོ་བ་	མཐོ་བ་	VERB
ར་	ལ་	PART
སྐྱེ་	སྐྱེ་	NOUN
། །		PUNCT
ཕྱུག་	ཕྱུག་	VERB
ཅིང་	ཅིང་	PART
ནོར་	ནོར་	NOUN
ཡང་	ཀྱང་	PART
མང་བ་	མང་བ་	VERB
དང་	དང་	NO_POS
། །		PUNCT
ནོར་	ནོར་	NOUN
དང་	དང་	NO_POS
འབྲུ་	འབྲུ་	NOUN
རྣམས་	རྣམས་	DET
ལྡན་པ་	ལྡན་པ་	VERB
ར་	ལ་	PART
འགྱུར་	འགྱུར་	VERB
། །		PUNCT
མཆོད་རྟེན་	མཆོད་རྟེན་	NOUN
བསྐོར་བ་	བསྐོར་བ་	VERB
བྱས་པ་	བྱས་པ་	VERB
ས་	གིས་	PART
ནི་	ནི་	NO_POS
"།
།"		PUNCT
འཕགས་པ་	འཕགས་པ་	VERB
འི་	གི་	PART
བདེན་པ་	བདེན་པ་	VERB
བཞི་པོ་	བཞི་པོ་	NUM
དང་	དང་	NO_POS
། །		PUNCT
དབང་པོ་	དབང་པོ་	NOUN
རྣམས་	རྣམས་	DET
དང་	དང་	NO_POS
སྟོབས་	སྟོབས་	NOUN
རྣམས་	རྣམས་	DET
དང་	དང་	NO_POS
"།
།"		PUNCT
བྱང་ཆུབ་	བྱང་ཆུབ་	NOUN
ཡན་ལག་	ཡན་ལག་	NOUN
འབྲས་བུ་	འབྲས་བུ་	NOUN
ཐོབ་	ཐོབ་	VERB
། །		PUNCT
ཞེ་	ཅེས་	PART
གསུངས་པ་	གསུངས་པ་	VERB
ལྟ་	ལྟ་	OTHER
དེ་བཞིན་	དེ་བཞིན་	OTHER
གཤེགས་པ་	གཤེགས་པ་	VERB
འི་	གི་	PART
རིང་བསྲེལ་	རིང་བསྲེལ་	NOUN
གྱི་	གི་	PART
སྙིང་པོ་	སྙིང་པོ་	NOUN
ཅན་	ཅན་	PART
དུ་	ལ་	PART
གྱུར་པ་	གྱུར་པ་	VERB
འི་	གི་	PART
མཆོད་རྟེན་	མཆོད་རྟེན་	NOUN
བཞེངས་པ་	བཞེངས་པ་	VERB
དང་	དང་	NO_POS
།		PUNCT
བཀུར་སྟི་	བཀུར་སྟི་	NOUN
བསྐྲུན་པ་	བསྐྲུན་པ་	VERB
ས་	གིས་	PART
གནས་སྐབས་	གནས་སྐབས་	NOUN
དང་	དང་	NO_POS
མཐར་ཐུག་	མཐར་ཐུག་	NOUN
གི་	གི་	PART
ཡོན་ཏན་	ཡོན་ཏན་	NOUN
ཕུན་སུམ་	ཕུན་སུམ་	OTHER
ཚོགས་པ་	ཚོགས་པ་	VERB
ལ་	ལ་	PART
དབང་	དབང་	NOUN
འབྱོར་བ་	འབྱོར་བ་	VERB
ར་	ལ་	PART
སྟོན་པ་	སྟོན་པ་	NOUN
ཐམས་ཅད་	ཐམས་ཅད་	DET
མཁྱེན་པ་	མཁྱེན་པ་	VERB
ཉིད་	ཉིད་	DET
ཀྱི་	གི་	PART
ལན་	ལན་	NOUN
གཅིག་	གཅིག་	NUM
ཙམ་	ཙམ་	DET
མ་ཡིན་པ་	མ་ཡིན་པ་	OTHER
ར་	ལ་	PART
ཡང་ཡང་	ཡང་ཡང་	NO_POS
བཀའ་	བཀའ་	NOUN
སྩལ་བ་	སྩལ་བ་	VERB
འོ་	གོ་	PART
"།
།"		PUNCT
དེ་ལྟ་	དེ་ལྟ་	NO_POS
གྲུབ་པ་	གྲུབ་པ་	VERB
འི་	གི་	PART
རྟེན་	རྟེན་	NOUN
དང་	དང་	NO_POS
བརྟེན་པ་	བརྟེན་པ་	VERB
ར་	ལ་	PART
བཅས་པ་	བཅས་པ་	VERB
ངོ་བོ་	ངོ་བོ་	NOUN
ཁྱད་པར་	ཁྱད་པར་	NOUN
འཕགས་	འཕགས་	VERB
ཤིང་	ཅིང་	PART
བཟོ་བཀོད་	བཟོ་བཀོད་	OTHER
ཀྱི་	གི་	PART
རྣམ་པ་	རྣམ་པ་	NOUN
ཕུལ་	ཕུལ་	VERB
དུ་	ལ་	PART
བྱུང་བ་	བྱུང་བ་	VERB
སྲིད་ཞི་	སྲིད་ཞི་	NOUN
འི་	གི་	PART
ངོ་མཚར་	ངོ་མཚར་	ADJ
གྱི་	གི་	PART
ཕུང་པོ་	ཕུང་པོ་	NOUN
མཐའ་དག་	མཐའ་དག་	DET
གཅིག་	གཅིག་	NUM
ཏུ་	ལ་	PART
བཀོད་པ་	བཀོད་པ་	VERB
ལྟ་བུ་	ལྟ་བུ་	NOUN
སྟེ་	སྟེ་	PART
།		PUNCT
བསྟན་པ་	བསྟན་པ་	VERB
དང་	དང་	NO_POS
འགྲོ་བ་	འགྲོ་བ་	VERB
འི་	གི་	PART
ཕན་བདེ་	ཕན་བདེ་	OTHER
འི་	གི་	PART
ཉེ་	ཉེ་	NUM
འཚོ་	འཚོ་	VERB
ར་	ལ་	PART
མངོན་པ་	མངོན་པ་	OTHER
སྣང་བ་	སྣང་བ་	VERB
ར་	ལ་	PART
གྱུར་	གྱུར་	VERB
ཏོ་	གོ་	PART
"།
།"		PUNCT
ཅེས་	ཅེས་	PART
སྨ་	སྨ་	ADJ
ར་	ལ་	PART
ཤོད་	ཤོད་	VERB
གོ་འཇོ་	གོ་འཇོ་	OTHER
རྒོད་	རྒོད་	NOUN
མགོ་	མགོ་	NOUN
གསང་སྔགས་	གསང་སྔགས་	NOUN
དར་རྒྱས་	དར་རྒྱས་	NOUN
གླིང་	གླིང་	NOUN
གི་	གི་	PART
སྤྲུལ་	སྤྲུལ་	VERB
མིང་	མིང་	NOUN
འཛིན་པ་	འཛིན་པ་	VERB
རིག་འཛིན་	རིག་འཛིན་	OTHER
པདྨ་	པདྨ་	NOUN
བསྟན་འཛིན་	བསྟན་འཛིན་	NOUN
རྡོ་རྗེ་	རྡོ་རྗེ་	NOUN
ན་	ནས་	PART
སྤྱི་ལོ་	སྤྱི་ལོ་	NOUN
		
ཟླ་བ་	ཟླ་བ་	NOUN
		
ཚེ་	ཚེ་	NOUN
		
ཉིན་	ཉིན་	NOUN
སྦྱར་བ་	སྦྱར་བ་	VERB
དགེ་ལེགས་	དགེ་ལེགས་	OTHER
སུ་	ལ་	PART
གྱུར་ཅིག་	གྱུར་ཅིག་	NO_POS
"།
།།"		PUNCT
